,Year,Strata,Strata_Name,Cause_Desc,Count
0,2014,Age,1-4 years,All causes (total),555
1,2014,Age,15-24 years,All causes (total),5605
2,2014,Age,25-34 years,All causes (total),8879
3,2014,Age,35-44 years,All causes (total),13292
4,2014,Age,45-54 years,All causes (total),33247
5,2014,Age,5-14 years,All causes (total),701
6,2014,Age,55-64 years,All causes (total),64986
7,2014,Age,65-74 years,All causes (total),82551
8,2014,Age,75-84 years,All causes (total),112849
9,2014,Age,85 years and over,All causes (total),163920
10,2014,Age,Under 1 year,All causes (total),4149
11,2014,Gender,Female,Accidents (unintentional injuries),7718
12,2014,Gender,Female,All causes (total),239009
13,2014,Gender,Female,Alzheimer's disease,17083
14,2014,Gender,Female,Assault (homicide),401
15,2014,Gender,Female,Cerebrovascular diseases,15488
16,2014,Gender,Female,Chronic liver disease and cirrhosis,3224
17,2014,Gender,Female,Chronic lower respiratory diseases,13318
18,2014,Gender,Female,Diabetes mellitus,7195
19,2014,Gender,Female,Diseases of heart,53670
20,2014,Gender,Female,Essential hypertension and hypertensive renal disease,4914
21,2014,Gender,Female,Influenza and pneumonia,5663
22,2014,Gender,Female,Intentional self-harm (suicide),1750
23,2014,Gender,Female,Malignant neoplasms,56351
24,2014,Gender,Female,"Nephritis, nephrotic syndrome and nephrosis",2672
25,2014,Gender,Female,Parkinson's disease,1926
26,2014,Gender,Male,Accidents (unintentional injuries),15413
27,2014,Gender,Male,All causes (total),253101
28,2014,Gender,Male,Alzheimer's disease,7849
29,2014,Gender,Male,Assault (homicide),1832
30,2014,Gender,Male,Cerebrovascular diseases,11534
31,2014,Gender,Male,Chronic liver disease and cirrhosis,6140
32,2014,Gender,Male,Chronic lower respiratory diseases,11918
33,2014,Gender,Male,Diabetes mellitus,8790
34,2014,Gender,Male,Diseases of heart,62423
35,2014,Gender,Male,Essential hypertension and hypertensive renal disease,3807
36,2014,Gender,Male,Influenza and pneumonia,5708
37,2014,Gender,Male,Intentional self-harm (suicide),5721
38,2014,Gender,Male,Malignant neoplasms,60407
39,2014,Gender,Male,"Nephritis, nephrotic syndrome and nephrosis",2970
40,2014,Gender,Male,Parkinson's disease,2818
41,2014,Place Type,Decedent's Home,All causes (total),175111
42,2014,Place Type,Emergency Room/Outpatient,All causes (total),30346
43,2014,Place Type,Hospice Facility,All causes (total),8676
44,2014,Place Type,Inpatient,All causes (total),152293
45,2014,Place Type,Nursing Home/Long Term Care Facility,All causes (total),87640
46,2014,Place Type,Other/Unknown,All causes (total),35311
47,2014,Race-Ethnicity,American Indian/Alaskan Native,Accidents (unintentional injuries),24
48,2014,Race-Ethnicity,American Indian/Alaskan Native,All causes (total),1956
49,2014,Race-Ethnicity,American Indian/Alaskan Native,Alzheimer's disease,0
50,2014,Race-Ethnicity,American Indian/Alaskan Native,Assault (homicide),0
51,2014,Race-Ethnicity,American Indian/Alaskan Native,Cerebrovascular diseases,0
52,2014,Race-Ethnicity,American Indian/Alaskan Native,Chronic liver disease and cirrhosis,0
53,2014,Race-Ethnicity,American Indian/Alaskan Native,Chronic lower respiratory diseases,0
54,2014,Race-Ethnicity,American Indian/Alaskan Native,Diabetes mellitus,0
55,2014,Race-Ethnicity,American Indian/Alaskan Native,Diseases of heart,176
56,2014,Race-Ethnicity,American Indian/Alaskan Native,Essential hypertension and hypertensive renal disease,0
57,2014,Race-Ethnicity,American Indian/Alaskan Native,Influenza and pneumonia,0
58,2014,Race-Ethnicity,American Indian/Alaskan Native,Intentional self-harm (suicide),0
59,2014,Race-Ethnicity,American Indian/Alaskan Native,Malignant neoplasms,138
60,2014,Race-Ethnicity,American Indian/Alaskan Native,"Nephritis, nephrotic syndrome and nephrosis",0
61,2014,Race-Ethnicity,American Indian/Alaskan Native,Parkinson's disease,0
62,2014,Race-Ethnicity,Asian,Accidents (unintentional injuries),1311
63,2014,Race-Ethnicity,Asian,All causes (total),44405
64,2014,Race-Ethnicity,Asian,Alzheimer's disease,1600
65,2014,Race-Ethnicity,Asian,Assault (homicide),25
66,2014,Race-Ethnicity,Asian,Cerebrovascular diseases,3286
67,2014,Race-Ethnicity,Asian,Chronic liver disease and cirrhosis,210
68,2014,Race-Ethnicity,Asian,Chronic lower respiratory diseases,1433
69,2014,Race-Ethnicity,Asian,Diabetes mellitus,1833
70,2014,Race-Ethnicity,Asian,Diseases of heart,9706
71,2014,Race-Ethnicity,Asian,Essential hypertension and hypertensive renal disease,916
72,2014,Race-Ethnicity,Asian,Influenza and pneumonia,1466
73,2014,Race-Ethnicity,Asian,Intentional self-harm (suicide),539
74,2014,Race-Ethnicity,Asian,Malignant neoplasms,12377
75,2014,Race-Ethnicity,Asian,"Nephritis, nephrotic syndrome and nephrosis",558
76,2014,Race-Ethnicity,Asian,Parkinson's disease,315
77,2014,Race-Ethnicity,Black,Accidents (unintentional injuries),1622
78,2014,Race-Ethnicity,Black,All causes (total),36832
79,2014,Race-Ethnicity,Black,Alzheimer's disease,1184
80,2014,Race-Ethnicity,Black,Assault (homicide),931
81,2014,Race-Ethnicity,Black,Cerebrovascular diseases,1951
82,2014,Race-Ethnicity,Black,Chronic liver disease and cirrhosis,388
83,2014,Race-Ethnicity,Black,Chronic lower respiratory diseases,1415
84,2014,Race-Ethnicity,Black,Diabetes mellitus,1686
85,2014,Race-Ethnicity,Black,Diseases of heart,9133
86,2014,Race-Ethnicity,Black,Essential hypertension and hypertensive renal disease,754
87,2014,Race-Ethnicity,Black,Influenza and pneumonia,624
88,2014,Race-Ethnicity,Black,Intentional self-harm (suicide),132
89,2014,Race-Ethnicity,Black,Malignant neoplasms,8304
90,2014,Race-Ethnicity,Black,"Nephritis, nephrotic syndrome and nephrosis",535
91,2014,Race-Ethnicity,Black,Parkinson's disease,67
92,2014,Race-Ethnicity,Hawaiian/Pacific Islander,Accidents (unintentional injuries),0
93,2014,Race-Ethnicity,Hawaiian/Pacific Islander,All causes (total),1475
94,2014,Race-Ethnicity,Hawaiian/Pacific Islander,Alzheimer's disease,0
95,2014,Race-Ethnicity,Hawaiian/Pacific Islander,Assault (homicide),0
96,2014,Race-Ethnicity,Hawaiian/Pacific Islander,Cerebrovascular diseases,0
97,2014,Race-Ethnicity,Hawaiian/Pacific Islander,Chronic liver disease and cirrhosis,0
98,2014,Race-Ethnicity,Hawaiian/Pacific Islander,Chronic lower respiratory diseases,0
99,2014,Race-Ethnicity,Hawaiian/Pacific Islander,Diabetes mellitus,27
100,2014,Race-Ethnicity,Hawaiian/Pacific Islander,Diseases of heart,267
101,2014,Race-Ethnicity,Hawaiian/Pacific Islander,Essential hypertension and hypertensive renal disease,0
102,2014,Race-Ethnicity,Hawaiian/Pacific Islander,Influenza and pneumonia,0
103,2014,Race-Ethnicity,Hawaiian/Pacific Islander,Intentional self-harm (suicide),0
104,2014,Race-Ethnicity,Hawaiian/Pacific Islander,Malignant neoplasms,296
105,2014,Race-Ethnicity,Hawaiian/Pacific Islander,"Nephritis, nephrotic syndrome and nephrosis",0
106,2014,Race-Ethnicity,Hawaiian/Pacific Islander,Parkinson's disease,0
107,2014,Race-Ethnicity,Hispanic,Accidents (unintentional injuries),5701
108,2014,Race-Ethnicity,Hispanic,All causes (total),88476
109,2014,Race-Ethnicity,Hispanic,Alzheimer's disease,2844
110,2014,Race-Ethnicity,Hispanic,Assault (homicide),1352
111,2014,Race-Ethnicity,Hispanic,Cerebrovascular diseases,4749
112,2014,Race-Ethnicity,Hispanic,Chronic liver disease and cirrhosis,3425
113,2014,Race-Ethnicity,Hispanic,Chronic lower respiratory diseases,2098
114,2014,Race-Ethnicity,Hispanic,Diabetes mellitus,4539
115,2014,Race-Ethnicity,Hispanic,Diseases of heart,17399
116,2014,Race-Ethnicity,Hispanic,Essential hypertension and hypertensive renal disease,1362
117,2014,Race-Ethnicity,Hispanic,Influenza and pneumonia,2115
118,2014,Race-Ethnicity,Hispanic,Intentional self-harm (suicide),1247
119,2014,Race-Ethnicity,Hispanic,Malignant neoplasms,20273
120,2014,Race-Ethnicity,Hispanic,"Nephritis, nephrotic syndrome and nephrosis",1274
121,2014,Race-Ethnicity,Hispanic,Parkinson's disease,468
122,2014,Race-Ethnicity,Multi-Race,Accidents (unintentional injuries),177
123,2014,Race-Ethnicity,Multi-Race,All causes (total),3906
124,2014,Race-Ethnicity,Multi-Race,Alzheimer's disease,0
125,2014,Race-Ethnicity,Multi-Race,Assault (homicide),0
126,2014,Race-Ethnicity,Multi-Race,Cerebrovascular diseases,36
127,2014,Race-Ethnicity,Multi-Race,Chronic liver disease and cirrhosis,0
128,2014,Race-Ethnicity,Multi-Race,Chronic lower respiratory diseases,49
129,2014,Race-Ethnicity,Multi-Race,Diabetes mellitus,24
130,2014,Race-Ethnicity,Multi-Race,Diseases of heart,610
131,2014,Race-Ethnicity,Multi-Race,Essential hypertension and hypertensive renal disease,0
132,2014,Race-Ethnicity,Multi-Race,Influenza and pneumonia,25
133,2014,Race-Ethnicity,Multi-Race,Intentional self-harm (suicide),11
134,2014,Race-Ethnicity,Multi-Race,Malignant neoplasms,706
135,2014,Race-Ethnicity,Multi-Race,"Nephritis, nephrotic syndrome and nephrosis",0
136,2014,Race-Ethnicity,Multi-Race,Parkinson's disease,0
137,2014,Race-Ethnicity,Other/Unknown,Accidents (unintentional injuries),0
138,2014,Race-Ethnicity,Other/Unknown,All causes (total),1219
139,2014,Race-Ethnicity,Other/Unknown,Alzheimer's disease,0
140,2014,Race-Ethnicity,Other/Unknown,Assault (homicide),0
141,2014,Race-Ethnicity,Other/Unknown,Cerebrovascular diseases,0
142,2014,Race-Ethnicity,Other/Unknown,Chronic liver disease and cirrhosis,0
143,2014,Race-Ethnicity,Other/Unknown,Chronic lower respiratory diseases,0
144,2014,Race-Ethnicity,Other/Unknown,Diabetes mellitus,0
145,2014,Race-Ethnicity,Other/Unknown,Diseases of heart,199
146,2014,Race-Ethnicity,Other/Unknown,Essential hypertension and hypertensive renal disease,0
147,2014,Race-Ethnicity,Other/Unknown,Influenza and pneumonia,25
148,2014,Race-Ethnicity,Other/Unknown,Intentional self-harm (suicide),0
149,2014,Race-Ethnicity,Other/Unknown,Malignant neoplasms,178
150,2014,Race-Ethnicity,Other/Unknown,"Nephritis, nephrotic syndrome and nephrosis",0
151,2014,Race-Ethnicity,Other/Unknown,Parkinson's disease,0
152,2014,Race-Ethnicity,White,Accidents (unintentional injuries),13424
153,2014,Race-Ethnicity,White,All causes (total),312544
154,2014,Race-Ethnicity,White,Alzheimer's disease,18435
155,2014,Race-Ethnicity,White,Assault (homicide),575
156,2014,Race-Ethnicity,White,Cerebrovascular diseases,15836
157,2014,Race-Ethnicity,White,Chronic liver disease and cirrhosis,4776
158,2014,Race-Ethnicity,White,Chronic lower respiratory diseases,18696
159,2014,Race-Ethnicity,White,Diabetes mellitus,7219
160,2014,Race-Ethnicity,White,Diseases of heart,77208
161,2014,Race-Ethnicity,White,Essential hypertension and hypertensive renal disease,5202
162,2014,Race-Ethnicity,White,Influenza and pneumonia,6616
163,2014,Race-Ethnicity,White,Intentional self-harm (suicide),5275
164,2014,Race-Ethnicity,White,Malignant neoplasms,73023
165,2014,Race-Ethnicity,White,"Nephritis, nephrotic syndrome and nephrosis",2765
166,2014,Race-Ethnicity,White,Parkinson's disease,3367
167,2014,Total Population,Total Population,Accidents (unintentional injuries),23493
168,2014,Total Population,Total Population,All causes (total),492135
169,2014,Total Population,Total Population,Alzheimer's disease,25193
170,2014,Total Population,Total Population,Assault (homicide),3368
171,2014,Total Population,Total Population,Cerebrovascular diseases,27329
172,2014,Total Population,Total Population,Chronic liver disease and cirrhosis,9886
173,2014,Total Population,Total Population,Chronic lower respiratory diseases,25485
174,2014,Total Population,Total Population,Diabetes mellitus,16332
175,2014,Total Population,Total Population,Diseases of heart,116239
176,2014,Total Population,Total Population,Essential hypertension and hypertensive renal disease,8983
177,2014,Total Population,Total Population,Influenza and pneumonia,11799
178,2014,Total Population,Total Population,Intentional self-harm (suicide),8324
179,2014,Total Population,Total Population,Malignant neoplasms,116894
180,2014,Total Population,Total Population,"Nephritis, nephrotic syndrome and nephrosis",6058
181,2014,Total Population,Total Population,Parkinson's disease,5102
182,2015,Age,1-4 years,All causes (total),486
183,2015,Age,15-24 years,All causes (total),5921
184,2015,Age,25-34 years,All causes (total),9535
185,2015,Age,35-44 years,All causes (total),13865
186,2015,Age,45-54 years,All causes (total),33107
187,2015,Age,5-14 years,All causes (total),663
188,2015,Age,55-64 years,All causes (total),66838
189,2015,Age,65-74 years,All causes (total),89645
190,2015,Age,75-84 years,All causes (total),117433
191,2015,Age,85 years and over,All causes (total),175876
192,2015,Age,Under 1 year,All causes (total),4158
193,2015,Gender,Female,Accidents (unintentional injuries),8446
194,2015,Gender,Female,All causes (total),252354
195,2015,Gender,Female,Alzheimer's disease,20217
196,2015,Gender,Female,Assault (homicide),448
197,2015,Gender,Female,Cerebrovascular diseases,17223
198,2015,Gender,Female,Chronic liver disease and cirrhosis,3704
199,2015,Gender,Female,Chronic lower respiratory diseases,14426
200,2015,Gender,Female,Diabetes mellitus,7786
201,2015,Gender,Female,Diseases of heart,56759
202,2015,Gender,Female,Essential hypertension and hypertensive renal disease,5495
203,2015,Gender,Female,Influenza and pneumonia,6159
204,2015,Gender,Female,Intentional self-harm (suicide),1832
205,2015,Gender,Female,Malignant neoplasms,57406
206,2015,Gender,Female,"Nephritis, nephrotic syndrome and nephrosis",3206
207,2015,Gender,Female,Parkinson's disease,2105
208,2015,Gender,Male,Accidents (unintentional injuries),16734
209,2015,Gender,Male,All causes (total),266614
210,2015,Gender,Male,Alzheimer's disease,9429
211,2015,Gender,Male,Assault (homicide),2220
212,2015,Gender,Male,Cerebrovascular diseases,12612
213,2015,Gender,Male,Chronic liver disease and cirrhosis,6731
214,2015,Gender,Male,Chronic lower respiratory diseases,12586
215,2015,Gender,Male,Diabetes mellitus,9466
216,2015,Gender,Male,Diseases of heart,66119
217,2015,Gender,Male,Essential hypertension and hypertensive renal disease,4336
218,2015,Gender,Male,Influenza and pneumonia,5775
219,2015,Gender,Male,Intentional self-harm (suicide),5594
220,2015,Gender,Male,Malignant neoplasms,61992
221,2015,Gender,Male,"Nephritis, nephrotic syndrome and nephrosis",3383
222,2015,Gender,Male,Parkinson's disease,3079
223,2015,Place Type,Decedent's Home,All causes (total),183647
224,2015,Place Type,Emergency Room/Outpatient,All causes (total),31332
225,2015,Place Type,Hospice Facility,All causes (total),9119
226,2015,Place Type,Inpatient,All causes (total),162453
227,2015,Place Type,Nursing Home/Long Term Care Facility,All causes (total),88616
228,2015,Place Type,Other/Unknown,All causes (total),41120
229,2015,Race-Ethnicity,American Indian/Alaskan Native,Accidents (unintentional injuries),11
230,2015,Race-Ethnicity,American Indian/Alaskan Native,All causes (total),2268
231,2015,Race-Ethnicity,American Indian/Alaskan Native,Alzheimer's disease,0
232,2015,Race-Ethnicity,American Indian/Alaskan Native,Assault (homicide),0
233,2015,Race-Ethnicity,American Indian/Alaskan Native,Cerebrovascular diseases,0
234,2015,Race-Ethnicity,American Indian/Alaskan Native,Chronic liver disease and cirrhosis,0
235,2015,Race-Ethnicity,American Indian/Alaskan Native,Chronic lower respiratory diseases,0
236,2015,Race-Ethnicity,American Indian/Alaskan Native,Diabetes mellitus,11
237,2015,Race-Ethnicity,American Indian/Alaskan Native,Diseases of heart,240
238,2015,Race-Ethnicity,American Indian/Alaskan Native,Essential hypertension and hypertensive renal disease,0
239,2015,Race-Ethnicity,American Indian/Alaskan Native,Influenza and pneumonia,0
240,2015,Race-Ethnicity,American Indian/Alaskan Native,Intentional self-harm (suicide),0
241,2015,Race-Ethnicity,American Indian/Alaskan Native,Malignant neoplasms,238
242,2015,Race-Ethnicity,American Indian/Alaskan Native,"Nephritis, nephrotic syndrome and nephrosis",0
243,2015,Race-Ethnicity,American Indian/Alaskan Native,Parkinson's disease,0
244,2015,Race-Ethnicity,Asian,Accidents (unintentional injuries),1607
245,2015,Race-Ethnicity,Asian,All causes (total),48433
246,2015,Race-Ethnicity,Asian,Alzheimer's disease,1927
247,2015,Race-Ethnicity,Asian,Assault (homicide),41
248,2015,Race-Ethnicity,Asian,Cerebrovascular diseases,3719
249,2015,Race-Ethnicity,Asian,Chronic liver disease and cirrhosis,292
250,2015,Race-Ethnicity,Asian,Chronic lower respiratory diseases,1594
251,2015,Race-Ethnicity,Asian,Diabetes mellitus,2038
252,2015,Race-Ethnicity,Asian,Diseases of heart,10323
253,2015,Race-Ethnicity,Asian,Essential hypertension and hypertensive renal disease,1137
254,2015,Race-Ethnicity,Asian,Influenza and pneumonia,1755
255,2015,Race-Ethnicity,Asian,Intentional self-harm (suicide),590
256,2015,Race-Ethnicity,Asian,Malignant neoplasms,13262
257,2015,Race-Ethnicity,Asian,"Nephritis, nephrotic syndrome and nephrosis",704
258,2015,Race-Ethnicity,Asian,Parkinson's disease,515
259,2015,Race-Ethnicity,Black,Accidents (unintentional injuries),1738
260,2015,Race-Ethnicity,Black,All causes (total),38852
261,2015,Race-Ethnicity,Black,Alzheimer's disease,1374
262,2015,Race-Ethnicity,Black,Assault (homicide),1015
263,2015,Race-Ethnicity,Black,Cerebrovascular diseases,2130
264,2015,Race-Ethnicity,Black,Chronic liver disease and cirrhosis,474
265,2015,Race-Ethnicity,Black,Chronic lower respiratory diseases,1612
266,2015,Race-Ethnicity,Black,Diabetes mellitus,1874
267,2015,Race-Ethnicity,Black,Diseases of heart,9402
268,2015,Race-Ethnicity,Black,Essential hypertension and hypertensive renal disease,975
269,2015,Race-Ethnicity,Black,Influenza and pneumonia,624
270,2015,Race-Ethnicity,Black,Intentional self-harm (suicide),179
271,2015,Race-Ethnicity,Black,Malignant neoplasms,8573
272,2015,Race-Ethnicity,Black,"Nephritis, nephrotic syndrome and nephrosis",709
273,2015,Race-Ethnicity,Black,Parkinson's disease,12
274,2015,Race-Ethnicity,Hawaiian/Pacific Islander,Accidents (unintentional injuries),0
275,2015,Race-Ethnicity,Hawaiian/Pacific Islander,All causes (total),1699
276,2015,Race-Ethnicity,Hawaiian/Pacific Islander,Alzheimer's disease,0
277,2015,Race-Ethnicity,Hawaiian/Pacific Islander,Assault (homicide),0
278,2015,Race-Ethnicity,Hawaiian/Pacific Islander,Cerebrovascular diseases,0
279,2015,Race-Ethnicity,Hawaiian/Pacific Islander,Chronic liver disease and cirrhosis,0
280,2015,Race-Ethnicity,Hawaiian/Pacific Islander,Chronic lower respiratory diseases,0
281,2015,Race-Ethnicity,Hawaiian/Pacific Islander,Diabetes mellitus,23
282,2015,Race-Ethnicity,Hawaiian/Pacific Islander,Diseases of heart,339
283,2015,Race-Ethnicity,Hawaiian/Pacific Islander,Essential hypertension and hypertensive renal disease,0
284,2015,Race-Ethnicity,Hawaiian/Pacific Islander,Influenza and pneumonia,0
285,2015,Race-Ethnicity,Hawaiian/Pacific Islander,Intentional self-harm (suicide),0
286,2015,Race-Ethnicity,Hawaiian/Pacific Islander,Malignant neoplasms,344
287,2015,Race-Ethnicity,Hawaiian/Pacific Islander,"Nephritis, nephrotic syndrome and nephrosis",0
288,2015,Race-Ethnicity,Hawaiian/Pacific Islander,Parkinson's disease,0
289,2015,Race-Ethnicity,Hispanic,Accidents (unintentional injuries),6379
290,2015,Race-Ethnicity,Hispanic,All causes (total),95137
291,2015,Race-Ethnicity,Hispanic,Alzheimer's disease,3842
292,2015,Race-Ethnicity,Hispanic,Assault (homicide),1593
293,2015,Race-Ethnicity,Hispanic,Cerebrovascular diseases,5394
294,2015,Race-Ethnicity,Hispanic,Chronic liver disease and cirrhosis,3814
295,2015,Race-Ethnicity,Hispanic,Chronic lower respiratory diseases,2376
296,2015,Race-Ethnicity,Hispanic,Diabetes mellitus,4905
297,2015,Race-Ethnicity,Hispanic,Diseases of heart,18792
298,2015,Race-Ethnicity,Hispanic,Essential hypertension and hypertensive renal disease,1710
299,2015,Race-Ethnicity,Hispanic,Influenza and pneumonia,2012
300,2015,Race-Ethnicity,Hispanic,Intentional self-harm (suicide),1283
301,2015,Race-Ethnicity,Hispanic,Malignant neoplasms,21216
302,2015,Race-Ethnicity,Hispanic,"Nephritis, nephrotic syndrome and nephrosis",1376
303,2015,Race-Ethnicity,Hispanic,Parkinson's disease,551
304,2015,Race-Ethnicity,Multi-Race,Accidents (unintentional injuries),198
305,2015,Race-Ethnicity,Multi-Race,All causes (total),4385
306,2015,Race-Ethnicity,Multi-Race,Alzheimer's disease,39
307,2015,Race-Ethnicity,Multi-Race,Assault (homicide),0
308,2015,Race-Ethnicity,Multi-Race,Cerebrovascular diseases,34
309,2015,Race-Ethnicity,Multi-Race,Chronic liver disease and cirrhosis,0
310,2015,Race-Ethnicity,Multi-Race,Chronic lower respiratory diseases,60
311,2015,Race-Ethnicity,Multi-Race,Diabetes mellitus,33
312,2015,Race-Ethnicity,Multi-Race,Diseases of heart,728
313,2015,Race-Ethnicity,Multi-Race,Essential hypertension and hypertensive renal disease,23
314,2015,Race-Ethnicity,Multi-Race,Influenza and pneumonia,0
315,2015,Race-Ethnicity,Multi-Race,Intentional self-harm (suicide),17
316,2015,Race-Ethnicity,Multi-Race,Malignant neoplasms,756
317,2015,Race-Ethnicity,Multi-Race,"Nephritis, nephrotic syndrome and nephrosis",0
318,2015,Race-Ethnicity,Multi-Race,Parkinson's disease,0
319,2015,Race-Ethnicity,Other/Unknown,Accidents (unintentional injuries),0
320,2015,Race-Ethnicity,Other/Unknown,All causes (total),1413
321,2015,Race-Ethnicity,Other/Unknown,Alzheimer's disease,0
322,2015,Race-Ethnicity,Other/Unknown,Assault (homicide),0
323,2015,Race-Ethnicity,Other/Unknown,Cerebrovascular diseases,31
324,2015,Race-Ethnicity,Other/Unknown,Chronic liver disease and cirrhosis,0
325,2015,Race-Ethnicity,Other/Unknown,Chronic lower respiratory diseases,68
326,2015,Race-Ethnicity,Other/Unknown,Diabetes mellitus,22
327,2015,Race-Ethnicity,Other/Unknown,Diseases of heart,184
328,2015,Race-Ethnicity,Other/Unknown,Essential hypertension and hypertensive renal disease,0
329,2015,Race-Ethnicity,Other/Unknown,Influenza and pneumonia,27
330,2015,Race-Ethnicity,Other/Unknown,Intentional self-harm (suicide),0
331,2015,Race-Ethnicity,Other/Unknown,Malignant neoplasms,142
332,2015,Race-Ethnicity,Other/Unknown,"Nephritis, nephrotic syndrome and nephrosis",0
333,2015,Race-Ethnicity,Other/Unknown,Parkinson's disease,0
334,2015,Race-Ethnicity,White,Accidents (unintentional injuries),14423
335,2015,Race-Ethnicity,White,All causes (total),325681
336,2015,Race-Ethnicity,White,Alzheimer's disease,21504
337,2015,Race-Ethnicity,White,Assault (homicide),585
338,2015,Race-Ethnicity,White,Cerebrovascular diseases,17550
339,2015,Race-Ethnicity,White,Chronic liver disease and cirrhosis,5037
340,2015,Race-Ethnicity,White,Chronic lower respiratory diseases,20126
341,2015,Race-Ethnicity,White,Diabetes mellitus,7698
342,2015,Race-Ethnicity,White,Diseases of heart,81364
343,2015,Race-Ethnicity,White,Essential hypertension and hypertensive renal disease,5628
344,2015,Race-Ethnicity,White,Influenza and pneumonia,6724
345,2015,Race-Ethnicity,White,Intentional self-harm (suicide),5162
346,2015,Race-Ethnicity,White,Malignant neoplasms,73223
347,2015,Race-Ethnicity,White,"Nephritis, nephrotic syndrome and nephrosis",3198
348,2015,Race-Ethnicity,White,Parkinson's disease,3778
349,2015,Total Population,Total Population,Accidents (unintentional injuries),25629
350,2015,Total Population,Total Population,All causes (total),518994
351,2015,Total Population,Total Population,Alzheimer's disease,30060
352,2015,Total Population,Total Population,Assault (homicide),3813
353,2015,Total Population,Total Population,Cerebrovascular diseases,30058
354,2015,Total Population,Total Population,Chronic liver disease and cirrhosis,10800
355,2015,Total Population,Total Population,Chronic lower respiratory diseases,27204
356,2015,Total Population,Total Population,Diabetes mellitus,17570
357,2015,Total Population,Total Population,Diseases of heart,123017
358,2015,Total Population,Total Population,Essential hypertension and hypertensive renal disease,10074
359,2015,Total Population,Total Population,Influenza and pneumonia,12262
360,2015,Total Population,Total Population,Intentional self-harm (suicide),8272
361,2015,Total Population,Total Population,Malignant neoplasms,119463
362,2015,Total Population,Total Population,"Nephritis, nephrotic syndrome and nephrosis",6965
363,2015,Total Population,Total Population,Parkinson's disease,5639
364,2016,Age,1-4 years,All causes (total),556
365,2016,Age,15-24 years,All causes (total),6121
366,2016,Age,25-34 years,All causes (total),10297
367,2016,Age,35-44 years,All causes (total),13959
368,2016,Age,45-54 years,All causes (total),32769
369,2016,Age,5-14 years,All causes (total),745
370,2016,Age,55-64 years,All causes (total),68493
371,2016,Age,65-74 years,All causes (total),91769
372,2016,Age,75-84 years,All causes (total),118216
373,2016,Age,85 years and over,All causes (total),176675
374,2016,Age,Under 1 year,All causes (total),3927
375,2016,Gender,Female,Accidents (unintentional injuries),8591
376,2016,Gender,Female,All causes (total),254064
377,2016,Gender,Female,Alzheimer's disease,21060
378,2016,Gender,Female,Assault (homicide),476
379,2016,Gender,Female,Cerebrovascular diseases,17909
380,2016,Gender,Female,Chronic liver disease and cirrhosis,3532
381,2016,Gender,Female,Chronic lower respiratory diseases,14408
382,2016,Gender,Female,Diabetes mellitus,7944
383,2016,Gender,Female,Diseases of heart,56472
384,2016,Gender,Female,Essential hypertension and hypertensive renal disease,5461
385,2016,Gender,Female,Influenza and pneumonia,5823
386,2016,Gender,Female,Intentional self-harm (suicide),1800
387,2016,Gender,Female,Malignant neoplasms,57466
388,2016,Gender,Female,"Nephritis, nephrotic syndrome and nephrosis",3223
389,2016,Gender,Female,Parkinson's disease,2191
390,2016,Gender,Male,Accidents (unintentional injuries),17595
391,2016,Gender,Male,All causes (total),270945
392,2016,Gender,Male,Alzheimer's disease,9662
393,2016,Gender,Male,Assault (homicide),2515
394,2016,Gender,Male,Cerebrovascular diseases,13145
395,2016,Gender,Male,Chronic liver disease and cirrhosis,6428
396,2016,Gender,Male,Chronic lower respiratory diseases,12719
397,2016,Gender,Male,Diabetes mellitus,9839
398,2016,Gender,Male,Diseases of heart,66845
399,2016,Gender,Male,Essential hypertension and hypertensive renal disease,4250
400,2016,Gender,Male,Influenza and pneumonia,5695
401,2016,Gender,Male,Intentional self-harm (suicide),5687
402,2016,Gender,Male,Malignant neoplasms,61699
403,2016,Gender,Male,"Nephritis, nephrotic syndrome and nephrosis",3360
404,2016,Gender,Male,Parkinson's disease,3457
405,2016,Place Type,Decedent's Home,All causes (total),186078
406,2016,Place Type,Emergency Room/Outpatient,All causes (total),32974
407,2016,Place Type,Hospice Facility,All causes (total),10307
408,2016,Place Type,Inpatient,All causes (total),164086
409,2016,Place Type,Nursing Home/Long Term Care Facility,All causes (total),84425
410,2016,Place Type,Other/Unknown,All causes (total),44739
411,2016,Race-Ethnicity,American Indian/Alaskan Native,Accidents (unintentional injuries),22
412,2016,Race-Ethnicity,American Indian/Alaskan Native,All causes (total),2243
413,2016,Race-Ethnicity,American Indian/Alaskan Native,Alzheimer's disease,0
414,2016,Race-Ethnicity,American Indian/Alaskan Native,Assault (homicide),0
415,2016,Race-Ethnicity,American Indian/Alaskan Native,Cerebrovascular diseases,0
416,2016,Race-Ethnicity,American Indian/Alaskan Native,Chronic liver disease and cirrhosis,0
417,2016,Race-Ethnicity,American Indian/Alaskan Native,Chronic lower respiratory diseases,0
418,2016,Race-Ethnicity,American Indian/Alaskan Native,Diabetes mellitus,11
419,2016,Race-Ethnicity,American Indian/Alaskan Native,Diseases of heart,294
420,2016,Race-Ethnicity,American Indian/Alaskan Native,Essential hypertension and hypertensive renal disease,0
421,2016,Race-Ethnicity,American Indian/Alaskan Native,Influenza and pneumonia,0
422,2016,Race-Ethnicity,American Indian/Alaskan Native,Intentional self-harm (suicide),0
423,2016,Race-Ethnicity,American Indian/Alaskan Native,Malignant neoplasms,198
424,2016,Race-Ethnicity,American Indian/Alaskan Native,"Nephritis, nephrotic syndrome and nephrosis",0
425,2016,Race-Ethnicity,American Indian/Alaskan Native,Parkinson's disease,0
426,2016,Race-Ethnicity,Asian,Accidents (unintentional injuries),1558
427,2016,Race-Ethnicity,Asian,All causes (total),49745
428,2016,Race-Ethnicity,Asian,Alzheimer's disease,2216
429,2016,Race-Ethnicity,Asian,Assault (homicide),113
430,2016,Race-Ethnicity,Asian,Cerebrovascular diseases,4063
431,2016,Race-Ethnicity,Asian,Chronic liver disease and cirrhosis,310
432,2016,Race-Ethnicity,Asian,Chronic lower respiratory diseases,1556
433,2016,Race-Ethnicity,Asian,Diabetes mellitus,2115
434,2016,Race-Ethnicity,Asian,Diseases of heart,10763
435,2016,Race-Ethnicity,Asian,Essential hypertension and hypertensive renal disease,1244
436,2016,Race-Ethnicity,Asian,Influenza and pneumonia,1654
437,2016,Race-Ethnicity,Asian,Intentional self-harm (suicide),605
438,2016,Race-Ethnicity,Asian,Malignant neoplasms,13278
439,2016,Race-Ethnicity,Asian,"Nephritis, nephrotic syndrome and nephrosis",616
440,2016,Race-Ethnicity,Asian,Parkinson's disease,464
441,2016,Race-Ethnicity,Black,Accidents (unintentional injuries),1849
442,2016,Race-Ethnicity,Black,All causes (total),39684
443,2016,Race-Ethnicity,Black,Alzheimer's disease,1551
444,2016,Race-Ethnicity,Black,Assault (homicide),1008
445,2016,Race-Ethnicity,Black,Cerebrovascular diseases,2184
446,2016,Race-Ethnicity,Black,Chronic liver disease and cirrhosis,425
447,2016,Race-Ethnicity,Black,Chronic lower respiratory diseases,1613
448,2016,Race-Ethnicity,Black,Diabetes mellitus,1858
449,2016,Race-Ethnicity,Black,Diseases of heart,9833
450,2016,Race-Ethnicity,Black,Essential hypertension and hypertensive renal disease,857
451,2016,Race-Ethnicity,Black,Influenza and pneumonia,698
452,2016,Race-Ethnicity,Black,Intentional self-harm (suicide),143
453,2016,Race-Ethnicity,Black,Malignant neoplasms,8441
454,2016,Race-Ethnicity,Black,"Nephritis, nephrotic syndrome and nephrosis",752
455,2016,Race-Ethnicity,Black,Parkinson's disease,85
456,2016,Race-Ethnicity,Hawaiian/Pacific Islander,Accidents (unintentional injuries),0
457,2016,Race-Ethnicity,Hawaiian/Pacific Islander,All causes (total),1721
458,2016,Race-Ethnicity,Hawaiian/Pacific Islander,Alzheimer's disease,0
459,2016,Race-Ethnicity,Hawaiian/Pacific Islander,Assault (homicide),0
460,2016,Race-Ethnicity,Hawaiian/Pacific Islander,Cerebrovascular diseases,0
461,2016,Race-Ethnicity,Hawaiian/Pacific Islander,Chronic liver disease and cirrhosis,0
462,2016,Race-Ethnicity,Hawaiian/Pacific Islander,Chronic lower respiratory diseases,0
463,2016,Race-Ethnicity,Hawaiian/Pacific Islander,Diabetes mellitus,0
464,2016,Race-Ethnicity,Hawaiian/Pacific Islander,Diseases of heart,393
465,2016,Race-Ethnicity,Hawaiian/Pacific Islander,Essential hypertension and hypertensive renal disease,0
466,2016,Race-Ethnicity,Hawaiian/Pacific Islander,Influenza and pneumonia,0
467,2016,Race-Ethnicity,Hawaiian/Pacific Islander,Intentional self-harm (suicide),0
468,2016,Race-Ethnicity,Hawaiian/Pacific Islander,Malignant neoplasms,257
469,2016,Race-Ethnicity,Hawaiian/Pacific Islander,"Nephritis, nephrotic syndrome and nephrosis",0
470,2016,Race-Ethnicity,Hawaiian/Pacific Islander,Parkinson's disease,0
471,2016,Race-Ethnicity,Hispanic,Accidents (unintentional injuries),6943
472,2016,Race-Ethnicity,Hispanic,All causes (total),99269
473,2016,Race-Ethnicity,Hispanic,Alzheimer's disease,3939
474,2016,Race-Ethnicity,Hispanic,Assault (homicide),1671
475,2016,Race-Ethnicity,Hispanic,Cerebrovascular diseases,5675
476,2016,Race-Ethnicity,Hispanic,Chronic liver disease and cirrhosis,3823
477,2016,Race-Ethnicity,Hispanic,Chronic lower respiratory diseases,2507
478,2016,Race-Ethnicity,Hispanic,Diabetes mellitus,5374
479,2016,Race-Ethnicity,Hispanic,Diseases of heart,19693
480,2016,Race-Ethnicity,Hispanic,Essential hypertension and hypertensive renal disease,1693
481,2016,Race-Ethnicity,Hispanic,Influenza and pneumonia,2083
482,2016,Race-Ethnicity,Hispanic,Intentional self-harm (suicide),1468
483,2016,Race-Ethnicity,Hispanic,Malignant neoplasms,21617
484,2016,Race-Ethnicity,Hispanic,"Nephritis, nephrotic syndrome and nephrosis",1705
485,2016,Race-Ethnicity,Hispanic,Parkinson's disease,587
486,2016,Race-Ethnicity,Multi-Race,Accidents (unintentional injuries),181
487,2016,Race-Ethnicity,Multi-Race,All causes (total),4605
488,2016,Race-Ethnicity,Multi-Race,Alzheimer's disease,34
489,2016,Race-Ethnicity,Multi-Race,Assault (homicide),0
490,2016,Race-Ethnicity,Multi-Race,Cerebrovascular diseases,70
491,2016,Race-Ethnicity,Multi-Race,Chronic liver disease and cirrhosis,0
492,2016,Race-Ethnicity,Multi-Race,Chronic lower respiratory diseases,105
493,2016,Race-Ethnicity,Multi-Race,Diabetes mellitus,31
494,2016,Race-Ethnicity,Multi-Race,Diseases of heart,652
495,2016,Race-Ethnicity,Multi-Race,Essential hypertension and hypertensive renal disease,0
496,2016,Race-Ethnicity,Multi-Race,Influenza and pneumonia,0
497,2016,Race-Ethnicity,Multi-Race,Intentional self-harm (suicide),26
498,2016,Race-Ethnicity,Multi-Race,Malignant neoplasms,813
499,2016,Race-Ethnicity,Multi-Race,"Nephritis, nephrotic syndrome and nephrosis",0
500,2016,Race-Ethnicity,Multi-Race,Parkinson's disease,0
501,2016,Race-Ethnicity,Other/Unknown,Accidents (unintentional injuries),0
502,2016,Race-Ethnicity,Other/Unknown,All causes (total),1689
503,2016,Race-Ethnicity,Other/Unknown,Alzheimer's disease,54
504,2016,Race-Ethnicity,Other/Unknown,Assault (homicide),0
505,2016,Race-Ethnicity,Other/Unknown,Cerebrovascular diseases,28
506,2016,Race-Ethnicity,Other/Unknown,Chronic liver disease and cirrhosis,30
507,2016,Race-Ethnicity,Other/Unknown,Chronic lower respiratory diseases,57
508,2016,Race-Ethnicity,Other/Unknown,Diabetes mellitus,11
509,2016,Race-Ethnicity,Other/Unknown,Diseases of heart,246
510,2016,Race-Ethnicity,Other/Unknown,Essential hypertension and hypertensive renal disease,0
511,2016,Race-Ethnicity,Other/Unknown,Influenza and pneumonia,37
512,2016,Race-Ethnicity,Other/Unknown,Intentional self-harm (suicide),0
513,2016,Race-Ethnicity,Other/Unknown,Malignant neoplasms,216
514,2016,Race-Ethnicity,Other/Unknown,"Nephritis, nephrotic syndrome and nephrosis",0
515,2016,Race-Ethnicity,Other/Unknown,Parkinson's disease,0
516,2016,Race-Ethnicity,White,Accidents (unintentional injuries),14748
517,2016,Race-Ethnicity,White,All causes (total),324857
518,2016,Race-Ethnicity,White,Alzheimer's disease,21971
519,2016,Race-Ethnicity,White,Assault (homicide),560
520,2016,Race-Ethnicity,White,Cerebrovascular diseases,17967
521,2016,Race-Ethnicity,White,Chronic liver disease and cirrhosis,4988
522,2016,Race-Ethnicity,White,Chronic lower respiratory diseases,20239
523,2016,Race-Ethnicity,White,Diabetes mellitus,7718
524,2016,Race-Ethnicity,White,Diseases of heart,79904
525,2016,Race-Ethnicity,White,Essential hypertension and hypertensive renal disease,5304
526,2016,Race-Ethnicity,White,Influenza and pneumonia,6257
527,2016,Race-Ethnicity,White,Intentional self-harm (suicide),5042
528,2016,Race-Ethnicity,White,Malignant neoplasms,72955
529,2016,Race-Ethnicity,White,"Nephritis, nephrotic syndrome and nephrosis",2999
530,2016,Race-Ethnicity,White,Parkinson's disease,4042
531,2016,Total Population,Total Population,Accidents (unintentional injuries),26639
532,2016,Total Population,Total Population,All causes (total),525073
533,2016,Total Population,Total Population,Alzheimer's disease,31062
534,2016,Total Population,Total Population,Assault (homicide),3942
535,2016,Total Population,Total Population,Cerebrovascular diseases,31252
536,2016,Total Population,Total Population,Chronic liver disease and cirrhosis,10450
537,2016,Total Population,Total Population,Chronic lower respiratory diseases,27335
538,2016,Total Population,Total Population,Diabetes mellitus,18111
539,2016,Total Population,Total Population,Diseases of heart,123421
540,2016,Total Population,Total Population,Essential hypertension and hypertensive renal disease,10046
541,2016,Total Population,Total Population,Influenza and pneumonia,11833
542,2016,Total Population,Total Population,Intentional self-harm (suicide),8468
543,2016,Total Population,Total Population,Malignant neoplasms,119217
544,2016,Total Population,Total Population,"Nephritis, nephrotic syndrome and nephrosis",7033
545,2016,Total Population,Total Population,Parkinson's disease,6040
546,2017,Age,1-4 years,All causes (total),433
547,2017,Age,15-24 years,All causes (total),5999
548,2017,Age,25-34 years,All causes (total),10270
549,2017,Age,35-44 years,All causes (total),14168
550,2017,Age,45-54 years,All causes (total),31666
551,2017,Age,5-14 years,All causes (total),727
552,2017,Age,55-64 years,All causes (total),68478
553,2017,Age,65-74 years,All causes (total),96305
554,2017,Age,75-84 years,All causes (total),121154
555,2017,Age,85 years and over,All causes (total),182814
556,2017,Age,Under 1 year,All causes (total),3769
557,2017,Gender,Female,Accidents (unintentional injuries),8888
558,2017,Gender,Female,All causes (total),259655
559,2017,Gender,Female,Alzheimer's disease,21813
560,2017,Gender,Female,Assault (homicide),518
561,2017,Gender,Female,Cerebrovascular diseases,18536
562,2017,Gender,Female,Chronic liver disease and cirrhosis,3572
563,2017,Gender,Female,Chronic lower respiratory diseases,14483
564,2017,Gender,Female,Diabetes mellitus,8136
565,2017,Gender,Female,Diseases of heart,57607
566,2017,Gender,Female,Essential hypertension and hypertensive renal disease,5847
567,2017,Gender,Female,Influenza and pneumonia,6191
568,2017,Gender,Female,Intentional self-harm (suicide),1691
569,2017,Gender,Female,Malignant neoplasms,57677
570,2017,Gender,Female,"Nephritis, nephrotic syndrome and nephrosis",3434
571,2017,Gender,Female,Parkinson's disease,2416
572,2017,Gender,Male,Accidents (unintentional injuries),18545
573,2017,Gender,Male,All causes (total),277699
574,2017,Gender,Male,Alzheimer's disease,10228
575,2017,Gender,Male,Assault (homicide),2136
576,2017,Gender,Male,Cerebrovascular diseases,13918
577,2017,Gender,Male,Chronic liver disease and cirrhosis,6492
578,2017,Gender,Male,Chronic lower respiratory diseases,12923
579,2017,Gender,Male,Diabetes mellitus,10633
580,2017,Gender,Male,Diseases of heart,68143
581,2017,Gender,Male,Essential hypertension and hypertensive renal disease,4745
582,2017,Gender,Male,Influenza and pneumonia,6026
583,2017,Gender,Male,Intentional self-harm (suicide),5770
584,2017,Gender,Male,Malignant neoplasms,61486
585,2017,Gender,Male,"Nephritis, nephrotic syndrome and nephrosis",3738
586,2017,Gender,Male,Parkinson's disease,3816
587,2017,Place Type,Decedent's Home,All causes (total),190749
588,2017,Place Type,Emergency Room/Outpatient,All causes (total),32530
589,2017,Place Type,Hospice Facility,All causes (total),10491
590,2017,Place Type,Inpatient,All causes (total),166330
591,2017,Place Type,Nursing Home/Long Term Care Facility,All causes (total),85592
592,2017,Place Type,Other/Unknown,All causes (total),48376
593,2017,Race-Ethnicity,American Indian/Alaskan Native,Accidents (unintentional injuries),103
594,2017,Race-Ethnicity,American Indian/Alaskan Native,All causes (total),2364
595,2017,Race-Ethnicity,American Indian/Alaskan Native,Alzheimer's disease,0
596,2017,Race-Ethnicity,American Indian/Alaskan Native,Assault (homicide),0
597,2017,Race-Ethnicity,American Indian/Alaskan Native,Cerebrovascular diseases,0
598,2017,Race-Ethnicity,American Indian/Alaskan Native,Chronic liver disease and cirrhosis,0
599,2017,Race-Ethnicity,American Indian/Alaskan Native,Chronic lower respiratory diseases,0
600,2017,Race-Ethnicity,American Indian/Alaskan Native,Diabetes mellitus,0
601,2017,Race-Ethnicity,American Indian/Alaskan Native,Diseases of heart,215
602,2017,Race-Ethnicity,American Indian/Alaskan Native,Essential hypertension and hypertensive renal disease,0
603,2017,Race-Ethnicity,American Indian/Alaskan Native,Influenza and pneumonia,0
604,2017,Race-Ethnicity,American Indian/Alaskan Native,Intentional self-harm (suicide),0
605,2017,Race-Ethnicity,American Indian/Alaskan Native,Malignant neoplasms,240
606,2017,Race-Ethnicity,American Indian/Alaskan Native,"Nephritis, nephrotic syndrome and nephrosis",0
607,2017,Race-Ethnicity,American Indian/Alaskan Native,Parkinson's disease,0
608,2017,Race-Ethnicity,Asian,Accidents (unintentional injuries),1745
609,2017,Race-Ethnicity,Asian,All causes (total),53032
610,2017,Race-Ethnicity,Asian,Alzheimer's disease,2450
611,2017,Race-Ethnicity,Asian,Assault (homicide),47
612,2017,Race-Ethnicity,Asian,Cerebrovascular diseases,4225
613,2017,Race-Ethnicity,Asian,Chronic liver disease and cirrhosis,280
614,2017,Race-Ethnicity,Asian,Chronic lower respiratory diseases,1614
615,2017,Race-Ethnicity,Asian,Diabetes mellitus,2311
616,2017,Race-Ethnicity,Asian,Diseases of heart,11482
617,2017,Race-Ethnicity,Asian,Essential hypertension and hypertensive renal disease,1382
618,2017,Race-Ethnicity,Asian,Influenza and pneumonia,1677
619,2017,Race-Ethnicity,Asian,Intentional self-harm (suicide),626
620,2017,Race-Ethnicity,Asian,Malignant neoplasms,13460
621,2017,Race-Ethnicity,Asian,"Nephritis, nephrotic syndrome and nephrosis",962
622,2017,Race-Ethnicity,Asian,Parkinson's disease,563
623,2017,Race-Ethnicity,Black,Accidents (unintentional injuries),2080
624,2017,Race-Ethnicity,Black,All causes (total),40454
625,2017,Race-Ethnicity,Black,Alzheimer's disease,1723
626,2017,Race-Ethnicity,Black,Assault (homicide),957
627,2017,Race-Ethnicity,Black,Cerebrovascular diseases,2347
628,2017,Race-Ethnicity,Black,Chronic liver disease and cirrhosis,457
629,2017,Race-Ethnicity,Black,Chronic lower respiratory diseases,1750
630,2017,Race-Ethnicity,Black,Diabetes mellitus,1835
631,2017,Race-Ethnicity,Black,Diseases of heart,9811
632,2017,Race-Ethnicity,Black,Essential hypertension and hypertensive renal disease,1080
633,2017,Race-Ethnicity,Black,Influenza and pneumonia,663
634,2017,Race-Ethnicity,Black,Intentional self-harm (suicide),165
635,2017,Race-Ethnicity,Black,Malignant neoplasms,8330
636,2017,Race-Ethnicity,Black,"Nephritis, nephrotic syndrome and nephrosis",763
637,2017,Race-Ethnicity,Black,Parkinson's disease,95
638,2017,Race-Ethnicity,Hawaiian/Pacific Islander,Accidents (unintentional injuries),0
639,2017,Race-Ethnicity,Hawaiian/Pacific Islander,All causes (total),1817
640,2017,Race-Ethnicity,Hawaiian/Pacific Islander,Alzheimer's disease,0
641,2017,Race-Ethnicity,Hawaiian/Pacific Islander,Assault (homicide),0
642,2017,Race-Ethnicity,Hawaiian/Pacific Islander,Cerebrovascular diseases,11
643,2017,Race-Ethnicity,Hawaiian/Pacific Islander,Chronic liver disease and cirrhosis,0
644,2017,Race-Ethnicity,Hawaiian/Pacific Islander,Chronic lower respiratory diseases,0
645,2017,Race-Ethnicity,Hawaiian/Pacific Islander,Diabetes mellitus,39
646,2017,Race-Ethnicity,Hawaiian/Pacific Islander,Diseases of heart,344
647,2017,Race-Ethnicity,Hawaiian/Pacific Islander,Essential hypertension and hypertensive renal disease,0
648,2017,Race-Ethnicity,Hawaiian/Pacific Islander,Influenza and pneumonia,0
649,2017,Race-Ethnicity,Hawaiian/Pacific Islander,Intentional self-harm (suicide),0
650,2017,Race-Ethnicity,Hawaiian/Pacific Islander,Malignant neoplasms,284
651,2017,Race-Ethnicity,Hawaiian/Pacific Islander,"Nephritis, nephrotic syndrome and nephrosis",0
652,2017,Race-Ethnicity,Hawaiian/Pacific Islander,Parkinson's disease,0
653,2017,Race-Ethnicity,Hispanic,Accidents (unintentional injuries),7362
654,2017,Race-Ethnicity,Hispanic,All causes (total),103842
655,2017,Race-Ethnicity,Hispanic,Alzheimer's disease,4441
656,2017,Race-Ethnicity,Hispanic,Assault (homicide),1703
657,2017,Race-Ethnicity,Hispanic,Cerebrovascular diseases,5775
658,2017,Race-Ethnicity,Hispanic,Chronic liver disease and cirrhosis,3883
659,2017,Race-Ethnicity,Hispanic,Chronic lower respiratory diseases,2487
660,2017,Race-Ethnicity,Hispanic,Diabetes mellitus,5608
661,2017,Race-Ethnicity,Hispanic,Diseases of heart,20837
662,2017,Race-Ethnicity,Hispanic,Essential hypertension and hypertensive renal disease,1926
663,2017,Race-Ethnicity,Hispanic,Influenza and pneumonia,2165
664,2017,Race-Ethnicity,Hispanic,Intentional self-harm (suicide),1552
665,2017,Race-Ethnicity,Hispanic,Malignant neoplasms,22225
666,2017,Race-Ethnicity,Hispanic,"Nephritis, nephrotic syndrome and nephrosis",1802
667,2017,Race-Ethnicity,Hispanic,Parkinson's disease,699
668,2017,Race-Ethnicity,Multi-Race,Accidents (unintentional injuries),233
669,2017,Race-Ethnicity,Multi-Race,All causes (total),4647
670,2017,Race-Ethnicity,Multi-Race,Alzheimer's disease,27
671,2017,Race-Ethnicity,Multi-Race,Assault (homicide),0
672,2017,Race-Ethnicity,Multi-Race,Cerebrovascular diseases,47
673,2017,Race-Ethnicity,Multi-Race,Chronic liver disease and cirrhosis,0
674,2017,Race-Ethnicity,Multi-Race,Chronic lower respiratory diseases,93
675,2017,Race-Ethnicity,Multi-Race,Diabetes mellitus,80
676,2017,Race-Ethnicity,Multi-Race,Diseases of heart,706
677,2017,Race-Ethnicity,Multi-Race,Essential hypertension and hypertensive renal disease,0
678,2017,Race-Ethnicity,Multi-Race,Influenza and pneumonia,0
679,2017,Race-Ethnicity,Multi-Race,Intentional self-harm (suicide),42
680,2017,Race-Ethnicity,Multi-Race,Malignant neoplasms,710
681,2017,Race-Ethnicity,Multi-Race,"Nephritis, nephrotic syndrome and nephrosis",0
682,2017,Race-Ethnicity,Multi-Race,Parkinson's disease,0
683,2017,Race-Ethnicity,Other/Unknown,Accidents (unintentional injuries),0
684,2017,Race-Ethnicity,Other/Unknown,All causes (total),1894
685,2017,Race-Ethnicity,Other/Unknown,Alzheimer's disease,13
686,2017,Race-Ethnicity,Other/Unknown,Assault (homicide),0
687,2017,Race-Ethnicity,Other/Unknown,Cerebrovascular diseases,56
688,2017,Race-Ethnicity,Other/Unknown,Chronic liver disease and cirrhosis,0
689,2017,Race-Ethnicity,Other/Unknown,Chronic lower respiratory diseases,73
690,2017,Race-Ethnicity,Other/Unknown,Diabetes mellitus,25
691,2017,Race-Ethnicity,Other/Unknown,Diseases of heart,405
692,2017,Race-Ethnicity,Other/Unknown,Essential hypertension and hypertensive renal disease,0
693,2017,Race-Ethnicity,Other/Unknown,Influenza and pneumonia,0
694,2017,Race-Ethnicity,Other/Unknown,Intentional self-harm (suicide),0
695,2017,Race-Ethnicity,Other/Unknown,Malignant neoplasms,184
696,2017,Race-Ethnicity,Other/Unknown,"Nephritis, nephrotic syndrome and nephrosis",0
697,2017,Race-Ethnicity,Other/Unknown,Parkinson's disease,0
698,2017,Race-Ethnicity,White,Accidents (unintentional injuries),15016
699,2017,Race-Ethnicity,White,All causes (total),328059
700,2017,Race-Ethnicity,White,Alzheimer's disease,22647
701,2017,Race-Ethnicity,White,Assault (homicide),412
702,2017,Race-Ethnicity,White,Cerebrovascular diseases,19034
703,2017,Race-Ethnicity,White,Chronic liver disease and cirrhosis,4793
704,2017,Race-Ethnicity,White,Chronic lower respiratory diseases,20348
705,2017,Race-Ethnicity,White,Diabetes mellitus,8106
706,2017,Race-Ethnicity,White,Diseases of heart,80535
707,2017,Race-Ethnicity,White,Essential hypertension and hypertensive renal disease,5748
708,2017,Race-Ethnicity,White,Influenza and pneumonia,6988
709,2017,Race-Ethnicity,White,Intentional self-harm (suicide),5065
710,2017,Race-Ethnicity,White,Malignant neoplasms,72145
711,2017,Race-Ethnicity,White,"Nephritis, nephrotic syndrome and nephrosis",3279
712,2017,Race-Ethnicity,White,Parkinson's disease,4258
713,2017,Total Population,Total Population,Accidents (unintentional injuries),27856
714,2017,Total Population,Total Population,All causes (total),537426
715,2017,Total Population,Total Population,Alzheimer's disease,32439
716,2017,Total Population,Total Population,Assault (homicide),3709
717,2017,Total Population,Total Population,Cerebrovascular diseases,32677
718,2017,Total Population,Total Population,Chronic liver disease and cirrhosis,10534
719,2017,Total Population,Total Population,Chronic lower respiratory diseases,27722
720,2017,Total Population,Total Population,Diabetes mellitus,19075
721,2017,Total Population,Total Population,Diseases of heart,125867
722,2017,Total Population,Total Population,Essential hypertension and hypertensive renal disease,11060
723,2017,Total Population,Total Population,Influenza and pneumonia,12554
724,2017,Total Population,Total Population,Intentional self-harm (suicide),8507
725,2017,Total Population,Total Population,Malignant neoplasms,119272
726,2017,Total Population,Total Population,"Nephritis, nephrotic syndrome and nephrosis",7588
727,2017,Total Population,Total Population,Parkinson's disease,6587
728,2018,Age,1-4 years,All causes (total),527
729,2018,Age,15-24 years,All causes (total),5651
730,2018,Age,25-34 years,All causes (total),10628
731,2018,Age,35-44 years,All causes (total),14790
732,2018,Age,45-54 years,All causes (total),31018
733,2018,Age,5-14 years,All causes (total),719
734,2018,Age,55-64 years,All causes (total),68652
735,2018,Age,65-74 years,All causes (total),97872
736,2018,Age,75-84 years,All causes (total),123567
737,2018,Age,85 years and over,All causes (total),180401
738,2018,Age,Under 1 year,All causes (total),3581
739,2018,Gender,Female,Accidents (unintentional injuries),8976
740,2018,Gender,Female,All causes (total),257692
741,2018,Gender,Female,Alzheimer's disease,21835
742,2018,Gender,Female,Assault (homicide),490
743,2018,Gender,Female,Cerebrovascular diseases,18377
744,2018,Gender,Female,Chronic liver disease and cirrhosis,3623
745,2018,Gender,Female,Chronic lower respiratory diseases,14173
746,2018,Gender,Female,Diabetes mellitus,8235
747,2018,Gender,Female,Diseases of heart,56554
748,2018,Gender,Female,Essential hypertension and hypertensive renal disease,5819
749,2018,Gender,Female,Influenza and pneumonia,6610
750,2018,Gender,Female,Intentional self-harm (suicide),1817
751,2018,Gender,Female,Malignant neoplasms,57581
752,2018,Gender,Female,"Nephritis, nephrotic syndrome and nephrosis",3315
753,2018,Gender,Female,Parkinson's disease,2476
754,2018,Gender,Male,Accidents (unintentional injuries),19191
755,2018,Gender,Male,All causes (total),281085
756,2018,Gender,Male,Alzheimer's disease,10802
757,2018,Gender,Male,Assault (homicide),2163
758,2018,Gender,Male,Cerebrovascular diseases,14154
759,2018,Gender,Male,Chronic liver disease and cirrhosis,6603
760,2018,Gender,Male,Chronic lower respiratory diseases,12817
761,2018,Gender,Male,Diabetes mellitus,10306
762,2018,Gender,Male,Diseases of heart,68781
763,2018,Gender,Male,Essential hypertension and hypertensive renal disease,4810
764,2018,Gender,Male,Influenza and pneumonia,6813
765,2018,Gender,Male,Intentional self-harm (suicide),6103
766,2018,Gender,Male,Malignant neoplasms,62510
767,2018,Gender,Male,"Nephritis, nephrotic syndrome and nephrosis",3988
768,2018,Gender,Male,Parkinson's disease,3965
769,2018,Place Type,Decedent's Home,All causes (total),194631
770,2018,Place Type,Emergency Room/Outpatient,All causes (total),31715
771,2018,Place Type,Hospice Facility,All causes (total),10362
772,2018,Place Type,Inpatient,All causes (total),167456
773,2018,Place Type,Nursing Home/Long Term Care Facility,All causes (total),82742
774,2018,Place Type,Other/Unknown,All causes (total),49221
775,2018,Race-Ethnicity,American Indian/Alaskan Native,Accidents (unintentional injuries),11
776,2018,Race-Ethnicity,American Indian/Alaskan Native,All causes (total),2360
777,2018,Race-Ethnicity,American Indian/Alaskan Native,Alzheimer's disease,0
778,2018,Race-Ethnicity,American Indian/Alaskan Native,Assault (homicide),0
779,2018,Race-Ethnicity,American Indian/Alaskan Native,Cerebrovascular diseases,0
780,2018,Race-Ethnicity,American Indian/Alaskan Native,Chronic liver disease and cirrhosis,26
781,2018,Race-Ethnicity,American Indian/Alaskan Native,Chronic lower respiratory diseases,0
782,2018,Race-Ethnicity,American Indian/Alaskan Native,Diabetes mellitus,0
783,2018,Race-Ethnicity,American Indian/Alaskan Native,Diseases of heart,287
784,2018,Race-Ethnicity,American Indian/Alaskan Native,Essential hypertension and hypertensive renal disease,0
785,2018,Race-Ethnicity,American Indian/Alaskan Native,Influenza and pneumonia,0
786,2018,Race-Ethnicity,American Indian/Alaskan Native,Intentional self-harm (suicide),0
787,2018,Race-Ethnicity,American Indian/Alaskan Native,Malignant neoplasms,197
788,2018,Race-Ethnicity,American Indian/Alaskan Native,"Nephritis, nephrotic syndrome and nephrosis",0
789,2018,Race-Ethnicity,American Indian/Alaskan Native,Parkinson's disease,0
790,2018,Race-Ethnicity,Asian,Accidents (unintentional injuries),1759
791,2018,Race-Ethnicity,Asian,All causes (total),54333
792,2018,Race-Ethnicity,Asian,Alzheimer's disease,2658
793,2018,Race-Ethnicity,Asian,Assault (homicide),46
794,2018,Race-Ethnicity,Asian,Cerebrovascular diseases,4257
795,2018,Race-Ethnicity,Asian,Chronic liver disease and cirrhosis,361
796,2018,Race-Ethnicity,Asian,Chronic lower respiratory diseases,1651
797,2018,Race-Ethnicity,Asian,Diabetes mellitus,2410
798,2018,Race-Ethnicity,Asian,Diseases of heart,11619
799,2018,Race-Ethnicity,Asian,Essential hypertension and hypertensive renal disease,1433
800,2018,Race-Ethnicity,Asian,Influenza and pneumonia,1927
801,2018,Race-Ethnicity,Asian,Intentional self-harm (suicide),665
802,2018,Race-Ethnicity,Asian,Malignant neoplasms,13887
803,2018,Race-Ethnicity,Asian,"Nephritis, nephrotic syndrome and nephrosis",1002
804,2018,Race-Ethnicity,Asian,Parkinson's disease,593
805,2018,Race-Ethnicity,Black,Accidents (unintentional injuries),2165
806,2018,Race-Ethnicity,Black,All causes (total),41141
807,2018,Race-Ethnicity,Black,Alzheimer's disease,1661
808,2018,Race-Ethnicity,Black,Assault (homicide),791
809,2018,Race-Ethnicity,Black,Cerebrovascular diseases,2393
810,2018,Race-Ethnicity,Black,Chronic liver disease and cirrhosis,368
811,2018,Race-Ethnicity,Black,Chronic lower respiratory diseases,1708
812,2018,Race-Ethnicity,Black,Diabetes mellitus,1992
813,2018,Race-Ethnicity,Black,Diseases of heart,10242
814,2018,Race-Ethnicity,Black,Essential hypertension and hypertensive renal disease,1070
815,2018,Race-Ethnicity,Black,Influenza and pneumonia,827
816,2018,Race-Ethnicity,Black,Intentional self-harm (suicide),179
817,2018,Race-Ethnicity,Black,Malignant neoplasms,8537
818,2018,Race-Ethnicity,Black,"Nephritis, nephrotic syndrome and nephrosis",645
819,2018,Race-Ethnicity,Black,Parkinson's disease,67
820,2018,Race-Ethnicity,Hawaiian/Pacific Islander,Accidents (unintentional injuries),11
821,2018,Race-Ethnicity,Hawaiian/Pacific Islander,All causes (total),1925
822,2018,Race-Ethnicity,Hawaiian/Pacific Islander,Alzheimer's disease,0
823,2018,Race-Ethnicity,Hawaiian/Pacific Islander,Assault (homicide),0
824,2018,Race-Ethnicity,Hawaiian/Pacific Islander,Cerebrovascular diseases,0
825,2018,Race-Ethnicity,Hawaiian/Pacific Islander,Chronic liver disease and cirrhosis,0
826,2018,Race-Ethnicity,Hawaiian/Pacific Islander,Chronic lower respiratory diseases,0
827,2018,Race-Ethnicity,Hawaiian/Pacific Islander,Diabetes mellitus,56
828,2018,Race-Ethnicity,Hawaiian/Pacific Islander,Diseases of heart,387
829,2018,Race-Ethnicity,Hawaiian/Pacific Islander,Essential hypertension and hypertensive renal disease,0
830,2018,Race-Ethnicity,Hawaiian/Pacific Islander,Influenza and pneumonia,0
831,2018,Race-Ethnicity,Hawaiian/Pacific Islander,Intentional self-harm (suicide),0
832,2018,Race-Ethnicity,Hawaiian/Pacific Islander,Malignant neoplasms,291
833,2018,Race-Ethnicity,Hawaiian/Pacific Islander,"Nephritis, nephrotic syndrome and nephrosis",0
834,2018,Race-Ethnicity,Hawaiian/Pacific Islander,Parkinson's disease,0
835,2018,Race-Ethnicity,Hispanic,Accidents (unintentional injuries),7876
836,2018,Race-Ethnicity,Hispanic,All causes (total),106996
837,2018,Race-Ethnicity,Hispanic,Alzheimer's disease,5040
838,2018,Race-Ethnicity,Hispanic,Assault (homicide),1532
839,2018,Race-Ethnicity,Hispanic,Cerebrovascular diseases,6215
840,2018,Race-Ethnicity,Hispanic,Chronic liver disease and cirrhosis,3964
841,2018,Race-Ethnicity,Hispanic,Chronic lower respiratory diseases,2665
842,2018,Race-Ethnicity,Hispanic,Diabetes mellitus,5597
843,2018,Race-Ethnicity,Hispanic,Diseases of heart,20919
844,2018,Race-Ethnicity,Hispanic,Essential hypertension and hypertensive renal disease,1982
845,2018,Race-Ethnicity,Hispanic,Influenza and pneumonia,2519
846,2018,Race-Ethnicity,Hispanic,Intentional self-harm (suicide),1709
847,2018,Race-Ethnicity,Hispanic,Malignant neoplasms,23036
848,2018,Race-Ethnicity,Hispanic,"Nephritis, nephrotic syndrome and nephrosis",1941
849,2018,Race-Ethnicity,Hispanic,Parkinson's disease,786
850,2018,Race-Ethnicity,Multi-Race,Accidents (unintentional injuries),280
851,2018,Race-Ethnicity,Multi-Race,All causes (total),4993
852,2018,Race-Ethnicity,Multi-Race,Alzheimer's disease,59
853,2018,Race-Ethnicity,Multi-Race,Assault (homicide),0
854,2018,Race-Ethnicity,Multi-Race,Cerebrovascular diseases,61
855,2018,Race-Ethnicity,Multi-Race,Chronic liver disease and cirrhosis,0
856,2018,Race-Ethnicity,Multi-Race,Chronic lower respiratory diseases,65
857,2018,Race-Ethnicity,Multi-Race,Diabetes mellitus,22
858,2018,Race-Ethnicity,Multi-Race,Diseases of heart,805
859,2018,Race-Ethnicity,Multi-Race,Essential hypertension and hypertensive renal disease,0
860,2018,Race-Ethnicity,Multi-Race,Influenza and pneumonia,12
861,2018,Race-Ethnicity,Multi-Race,Intentional self-harm (suicide),53
862,2018,Race-Ethnicity,Multi-Race,Malignant neoplasms,865
863,2018,Race-Ethnicity,Multi-Race,"Nephritis, nephrotic syndrome and nephrosis",0
864,2018,Race-Ethnicity,Multi-Race,Parkinson's disease,0
865,2018,Race-Ethnicity,Other/Unknown,Accidents (unintentional injuries),25
866,2018,Race-Ethnicity,Other/Unknown,All causes (total),2489
867,2018,Race-Ethnicity,Other/Unknown,Alzheimer's disease,30
868,2018,Race-Ethnicity,Other/Unknown,Assault (homicide),0
869,2018,Race-Ethnicity,Other/Unknown,Cerebrovascular diseases,68
870,2018,Race-Ethnicity,Other/Unknown,Chronic liver disease and cirrhosis,30
871,2018,Race-Ethnicity,Other/Unknown,Chronic lower respiratory diseases,85
872,2018,Race-Ethnicity,Other/Unknown,Diabetes mellitus,48
873,2018,Race-Ethnicity,Other/Unknown,Diseases of heart,378
874,2018,Race-Ethnicity,Other/Unknown,Essential hypertension and hypertensive renal disease,12
875,2018,Race-Ethnicity,Other/Unknown,Influenza and pneumonia,31
876,2018,Race-Ethnicity,Other/Unknown,Intentional self-harm (suicide),0
877,2018,Race-Ethnicity,Other/Unknown,Malignant neoplasms,359
878,2018,Race-Ethnicity,Other/Unknown,"Nephritis, nephrotic syndrome and nephrosis",0
879,2018,Race-Ethnicity,Other/Unknown,Parkinson's disease,0
880,2018,Race-Ethnicity,White,Accidents (unintentional injuries),15180
881,2018,Race-Ethnicity,White,All causes (total),323386
882,2018,Race-Ethnicity,White,Alzheimer's disease,22724
883,2018,Race-Ethnicity,White,Assault (homicide),513
884,2018,Race-Ethnicity,White,Cerebrovascular diseases,18675
885,2018,Race-Ethnicity,White,Chronic liver disease and cirrhosis,4867
886,2018,Race-Ethnicity,White,Chronic lower respiratory diseases,19694
887,2018,Race-Ethnicity,White,Diabetes mellitus,7708
888,2018,Race-Ethnicity,White,Diseases of heart,79111
889,2018,Race-Ethnicity,White,Essential hypertension and hypertensive renal disease,5677
890,2018,Race-Ethnicity,White,Influenza and pneumonia,7353
891,2018,Race-Ethnicity,White,Intentional self-harm (suicide),5103
892,2018,Race-Ethnicity,White,Malignant neoplasms,71508
893,2018,Race-Ethnicity,White,"Nephritis, nephrotic syndrome and nephrosis",3299
894,2018,Race-Ethnicity,White,Parkinson's disease,4728
895,2018,Total Population,Total Population,Accidents (unintentional injuries),28627
896,2018,Total Population,Total Population,All causes (total),538916
897,2018,Total Population,Total Population,Alzheimer's disease,33161
898,2018,Total Population,Total Population,Assault (homicide),3533
899,2018,Total Population,Total Population,Cerebrovascular diseases,32897
900,2018,Total Population,Total Population,Chronic liver disease and cirrhosis,10686
901,2018,Total Population,Total Population,Chronic lower respiratory diseases,27210
902,2018,Total Population,Total Population,Diabetes mellitus,18931
903,2018,Total Population,Total Population,Diseases of heart,125504
904,2018,Total Population,Total Population,Essential hypertension and hypertensive renal disease,10883
905,2018,Total Population,Total Population,Influenza and pneumonia,13739
906,2018,Total Population,Total Population,Intentional self-harm (suicide),8912
907,2018,Total Population,Total Population,Malignant neoplasms,120231
908,2018,Total Population,Total Population,"Nephritis, nephrotic syndrome and nephrosis",7641
909,2018,Total Population,Total Population,Parkinson's disease,6884
910,2019,Age,1-4 years,All causes (total),441
911,2019,Age,15-24 years,All causes (total),5648
912,2019,Age,25-34 years,All causes (total),11384
913,2019,Age,35-44 years,All causes (total),15500
914,2019,Age,45-54 years,All causes (total),30326
915,2019,Age,5-14 years,All causes (total),686
916,2019,Age,55-64 years,All causes (total),68384
917,2019,Age,65-74 years,All causes (total),98533
918,2019,Age,75-84 years,All causes (total),124848
919,2019,Age,85 years and over,All causes (total),180015
920,2019,Age,Under 1 year,All causes (total),3537
921,2019,Gender,Female,Accidents (unintentional injuries),9275
922,2019,Gender,Female,All causes (total),256587
923,2019,Gender,Female,Alzheimer's disease,22098
924,2019,Gender,Female,Assault (homicide),426
925,2019,Gender,Female,Cerebrovascular diseases,18814
926,2019,Gender,Female,Chronic liver disease and cirrhosis,3816
927,2019,Gender,Female,Chronic lower respiratory diseases,13558
928,2019,Gender,Female,Diabetes mellitus,8253
929,2019,Gender,Female,Diseases of heart,55460
930,2019,Gender,Female,Essential hypertension and hypertensive renal disease,5701
931,2019,Gender,Female,Influenza and pneumonia,5314
932,2019,Gender,Female,Intentional self-harm (suicide),1755
933,2019,Gender,Female,Malignant neoplasms,57493
934,2019,Gender,Female,"Nephritis, nephrotic syndrome and nephrosis",3324
935,2019,Gender,Female,Parkinson's disease,2725
936,2019,Gender,Male,Accidents (unintentional injuries),20801
937,2019,Gender,Male,All causes (total),284061
938,2019,Gender,Male,Alzheimer's disease,10924
939,2019,Gender,Male,Assault (homicide),2100
940,2019,Gender,Male,Cerebrovascular diseases,14588
941,2019,Gender,Male,Chronic liver disease and cirrhosis,6715
942,2019,Gender,Male,Chronic lower respiratory diseases,12317
943,2019,Gender,Male,Diabetes mellitus,10936
944,2019,Gender,Male,Diseases of heart,69498
945,2019,Gender,Male,Essential hypertension and hypertensive renal disease,5031
946,2019,Gender,Male,Influenza and pneumonia,5493
947,2019,Gender,Male,Intentional self-harm (suicide),6220
948,2019,Gender,Male,Malignant neoplasms,61717
949,2019,Gender,Male,"Nephritis, nephrotic syndrome and nephrosis",3982
950,2019,Gender,Male,Parkinson's disease,4397
951,2019,Place Type,Decedent's Home,All causes (total),196697
952,2019,Place Type,Emergency Room/Outpatient,All causes (total),30786
953,2019,Place Type,Hospice Facility,All causes (total),9709
954,2019,Place Type,Inpatient,All causes (total),167161
955,2019,Place Type,Nursing Home/Long Term Care Facility,All causes (total),81615
956,2019,Place Type,Other/Unknown,All causes (total),50476
957,2019,Race-Ethnicity,American Indian/Alaskan Native,Accidents (unintentional injuries),42
958,2019,Race-Ethnicity,American Indian/Alaskan Native,All causes (total),2404
959,2019,Race-Ethnicity,American Indian/Alaskan Native,Alzheimer's disease,0
960,2019,Race-Ethnicity,American Indian/Alaskan Native,Assault (homicide),0
961,2019,Race-Ethnicity,American Indian/Alaskan Native,Cerebrovascular diseases,0
962,2019,Race-Ethnicity,American Indian/Alaskan Native,Chronic liver disease and cirrhosis,0
963,2019,Race-Ethnicity,American Indian/Alaskan Native,Chronic lower respiratory diseases,0
964,2019,Race-Ethnicity,American Indian/Alaskan Native,Diabetes mellitus,0
965,2019,Race-Ethnicity,American Indian/Alaskan Native,Diseases of heart,195
966,2019,Race-Ethnicity,American Indian/Alaskan Native,Essential hypertension and hypertensive renal disease,0
967,2019,Race-Ethnicity,American Indian/Alaskan Native,Influenza and pneumonia,0
968,2019,Race-Ethnicity,American Indian/Alaskan Native,Intentional self-harm (suicide),0
969,2019,Race-Ethnicity,American Indian/Alaskan Native,Malignant neoplasms,243
970,2019,Race-Ethnicity,American Indian/Alaskan Native,"Nephritis, nephrotic syndrome and nephrosis",0
971,2019,Race-Ethnicity,American Indian/Alaskan Native,Parkinson's disease,0
972,2019,Race-Ethnicity,Asian,Accidents (unintentional injuries),1818
973,2019,Race-Ethnicity,Asian,All causes (total),54524
974,2019,Race-Ethnicity,Asian,Alzheimer's disease,2926
975,2019,Race-Ethnicity,Asian,Assault (homicide),34
976,2019,Race-Ethnicity,Asian,Cerebrovascular diseases,4536
977,2019,Race-Ethnicity,Asian,Chronic liver disease and cirrhosis,343
978,2019,Race-Ethnicity,Asian,Chronic lower respiratory diseases,1605
979,2019,Race-Ethnicity,Asian,Diabetes mellitus,2519
980,2019,Race-Ethnicity,Asian,Diseases of heart,11585
981,2019,Race-Ethnicity,Asian,Essential hypertension and hypertensive renal disease,1407
982,2019,Race-Ethnicity,Asian,Influenza and pneumonia,1527
983,2019,Race-Ethnicity,Asian,Intentional self-harm (suicide),617
984,2019,Race-Ethnicity,Asian,Malignant neoplasms,13822
985,2019,Race-Ethnicity,Asian,"Nephritis, nephrotic syndrome and nephrosis",894
986,2019,Race-Ethnicity,Asian,Parkinson's disease,745
987,2019,Race-Ethnicity,Black,Accidents (unintentional injuries),2494
988,2019,Race-Ethnicity,Black,All causes (total),41429
989,2019,Race-Ethnicity,Black,Alzheimer's disease,1780
990,2019,Race-Ethnicity,Black,Assault (homicide),882
991,2019,Race-Ethnicity,Black,Cerebrovascular diseases,2438
992,2019,Race-Ethnicity,Black,Chronic liver disease and cirrhosis,349
993,2019,Race-Ethnicity,Black,Chronic lower respiratory diseases,1654
994,2019,Race-Ethnicity,Black,Diabetes mellitus,1928
995,2019,Race-Ethnicity,Black,Diseases of heart,10275
996,2019,Race-Ethnicity,Black,Essential hypertension and hypertensive renal disease,1059
997,2019,Race-Ethnicity,Black,Influenza and pneumonia,721
998,2019,Race-Ethnicity,Black,Intentional self-harm (suicide),279
999,2019,Race-Ethnicity,Black,Malignant neoplasms,8349
1000,2019,Race-Ethnicity,Black,"Nephritis, nephrotic syndrome and nephrosis",742
1001,2019,Race-Ethnicity,Black,Parkinson's disease,105
1002,2019,Race-Ethnicity,Hawaiian/Pacific Islander,Accidents (unintentional injuries),0
1003,2019,Race-Ethnicity,Hawaiian/Pacific Islander,All causes (total),2034
1004,2019,Race-Ethnicity,Hawaiian/Pacific Islander,Alzheimer's disease,0
1005,2019,Race-Ethnicity,Hawaiian/Pacific Islander,Assault (homicide),0
1006,2019,Race-Ethnicity,Hawaiian/Pacific Islander,Cerebrovascular diseases,11
1007,2019,Race-Ethnicity,Hawaiian/Pacific Islander,Chronic liver disease and cirrhosis,0
1008,2019,Race-Ethnicity,Hawaiian/Pacific Islander,Chronic lower respiratory diseases,0
1009,2019,Race-Ethnicity,Hawaiian/Pacific Islander,Diabetes mellitus,39
1010,2019,Race-Ethnicity,Hawaiian/Pacific Islander,Diseases of heart,426
1011,2019,Race-Ethnicity,Hawaiian/Pacific Islander,Essential hypertension and hypertensive renal disease,0
1012,2019,Race-Ethnicity,Hawaiian/Pacific Islander,Influenza and pneumonia,0
1013,2019,Race-Ethnicity,Hawaiian/Pacific Islander,Intentional self-harm (suicide),0
1014,2019,Race-Ethnicity,Hawaiian/Pacific Islander,Malignant neoplasms,329
1015,2019,Race-Ethnicity,Hawaiian/Pacific Islander,"Nephritis, nephrotic syndrome and nephrosis",0
1016,2019,Race-Ethnicity,Hawaiian/Pacific Islander,Parkinson's disease,0
1017,2019,Race-Ethnicity,Hispanic,Accidents (unintentional injuries),8644
1018,2019,Race-Ethnicity,Hispanic,All causes (total),110433
1019,2019,Race-Ethnicity,Hispanic,Alzheimer's disease,5081
1020,2019,Race-Ethnicity,Hispanic,Assault (homicide),1492
1021,2019,Race-Ethnicity,Hispanic,Cerebrovascular diseases,6617
1022,2019,Race-Ethnicity,Hispanic,Chronic liver disease and cirrhosis,4217
1023,2019,Race-Ethnicity,Hispanic,Chronic lower respiratory diseases,2523
1024,2019,Race-Ethnicity,Hispanic,Diabetes mellitus,6231
1025,2019,Race-Ethnicity,Hispanic,Diseases of heart,21264
1026,2019,Race-Ethnicity,Hispanic,Essential hypertension and hypertensive renal disease,2093
1027,2019,Race-Ethnicity,Hispanic,Influenza and pneumonia,2246
1028,2019,Race-Ethnicity,Hispanic,Intentional self-harm (suicide),1684
1029,2019,Race-Ethnicity,Hispanic,Malignant neoplasms,23671
1030,2019,Race-Ethnicity,Hispanic,"Nephritis, nephrotic syndrome and nephrosis",1988
1031,2019,Race-Ethnicity,Hispanic,Parkinson's disease,855
1032,2019,Race-Ethnicity,Multi-Race,Accidents (unintentional injuries),284
1033,2019,Race-Ethnicity,Multi-Race,All causes (total),4904
1034,2019,Race-Ethnicity,Multi-Race,Alzheimer's disease,41
1035,2019,Race-Ethnicity,Multi-Race,Assault (homicide),0
1036,2019,Race-Ethnicity,Multi-Race,Cerebrovascular diseases,103
1037,2019,Race-Ethnicity,Multi-Race,Chronic liver disease and cirrhosis,0
1038,2019,Race-Ethnicity,Multi-Race,Chronic lower respiratory diseases,79
1039,2019,Race-Ethnicity,Multi-Race,Diabetes mellitus,13
1040,2019,Race-Ethnicity,Multi-Race,Diseases of heart,700
1041,2019,Race-Ethnicity,Multi-Race,Essential hypertension and hypertensive renal disease,0
1042,2019,Race-Ethnicity,Multi-Race,Influenza and pneumonia,0
1043,2019,Race-Ethnicity,Multi-Race,Intentional self-harm (suicide),11
1044,2019,Race-Ethnicity,Multi-Race,Malignant neoplasms,803
1045,2019,Race-Ethnicity,Multi-Race,"Nephritis, nephrotic syndrome and nephrosis",0
1046,2019,Race-Ethnicity,Multi-Race,Parkinson's disease,0
1047,2019,Race-Ethnicity,Other/Unknown,Accidents (unintentional injuries),63
1048,2019,Race-Ethnicity,Other/Unknown,All causes (total),2680
1049,2019,Race-Ethnicity,Other/Unknown,Alzheimer's disease,48
1050,2019,Race-Ethnicity,Other/Unknown,Assault (homicide),0
1051,2019,Race-Ethnicity,Other/Unknown,Cerebrovascular diseases,76
1052,2019,Race-Ethnicity,Other/Unknown,Chronic liver disease and cirrhosis,23
1053,2019,Race-Ethnicity,Other/Unknown,Chronic lower respiratory diseases,79
1054,2019,Race-Ethnicity,Other/Unknown,Diabetes mellitus,67
1055,2019,Race-Ethnicity,Other/Unknown,Diseases of heart,507
1056,2019,Race-Ethnicity,Other/Unknown,Essential hypertension and hypertensive renal disease,0
1057,2019,Race-Ethnicity,Other/Unknown,Influenza and pneumonia,22
1058,2019,Race-Ethnicity,Other/Unknown,Intentional self-harm (suicide),0
1059,2019,Race-Ethnicity,Other/Unknown,Malignant neoplasms,410
1060,2019,Race-Ethnicity,Other/Unknown,"Nephritis, nephrotic syndrome and nephrosis",0
1061,2019,Race-Ethnicity,Other/Unknown,Parkinson's disease,0
1062,2019,Race-Ethnicity,White,Accidents (unintentional injuries),15736
1063,2019,Race-Ethnicity,White,All causes (total),321012
1064,2019,Race-Ethnicity,White,Alzheimer's disease,22727
1065,2019,Race-Ethnicity,White,Assault (homicide),454
1066,2019,Race-Ethnicity,White,Cerebrovascular diseases,18518
1067,2019,Race-Ethnicity,White,Chronic liver disease and cirrhosis,5060
1068,2019,Race-Ethnicity,White,Chronic lower respiratory diseases,18569
1069,2019,Race-Ethnicity,White,Diabetes mellitus,7702
1070,2019,Race-Ethnicity,White,Diseases of heart,78345
1071,2019,Race-Ethnicity,White,Essential hypertension and hypertensive renal disease,5616
1072,2019,Race-Ethnicity,White,Influenza and pneumonia,5851
1073,2019,Race-Ethnicity,White,Intentional self-harm (suicide),5124
1074,2019,Race-Ethnicity,White,Malignant neoplasms,70081
1075,2019,Race-Ethnicity,White,"Nephritis, nephrotic syndrome and nephrosis",3279
1076,2019,Race-Ethnicity,White,Parkinson's disease,5076
1077,2019,Total Population,Total Population,Accidents (unintentional injuries),30474
1078,2019,Total Population,Total Population,All causes (total),540743
1079,2019,Total Population,Total Population,Alzheimer's disease,33609
1080,2019,Total Population,Total Population,Assault (homicide),3364
1081,2019,Total Population,Total Population,Cerebrovascular diseases,33649
1082,2019,Total Population,Total Population,Chronic liver disease and cirrhosis,11024
1083,2019,Total Population,Total Population,Chronic lower respiratory diseases,26159
1084,2019,Total Population,Total Population,Diabetes mellitus,19619
1085,2019,Total Population,Total Population,Diseases of heart,125050
1086,2019,Total Population,Total Population,Essential hypertension and hypertensive renal disease,11027
1087,2019,Total Population,Total Population,Influenza and pneumonia,11206
1088,2019,Total Population,Total Population,Intentional self-harm (suicide),8788
1089,2019,Total Population,Total Population,Malignant neoplasms,119311
1090,2019,Total Population,Total Population,"Nephritis, nephrotic syndrome and nephrosis",7846
1091,2019,Total Population,Total Population,Parkinson's disease,7621
