,Year,County,Strata,Strata_Name,Cause_Desc,Count
0,2014,San Diego,Age,1-4 years,All causes (total),27
1,2014,San Diego,Age,15-24 years,All causes (total),195
2,2014,San Diego,Age,25-34 years,All causes (total),341
3,2014,San Diego,Age,35-44 years,All causes (total),491
4,2014,San Diego,Age,45-54 years,All causes (total),1258
5,2014,San Diego,Age,5-14 years,All causes (total),30
6,2014,San Diego,Age,55-64 years,All causes (total),2404
7,2014,San Diego,Age,65-74 years,All causes (total),3082
8,2014,San Diego,Age,75-84 years,All causes (total),4637
9,2014,San Diego,Age,85 years and over,All causes (total),7331
10,2014,San Diego,Age,Under 1 year,All causes (total),169
11,2014,San Diego,Gender,Female,Accidents (unintentional injuries),402
12,2014,San Diego,Gender,Female,Alzheimer's disease,899
13,2014,San Diego,Gender,Female,Assault (homicide),19
14,2014,San Diego,Gender,Female,Cerebrovascular diseases,672
15,2014,San Diego,Gender,Female,Chronic liver disease and cirrhosis,101
16,2014,San Diego,Gender,Female,Chronic lower respiratory diseases,534
17,2014,San Diego,Gender,Female,Diabetes mellitus,241
18,2014,San Diego,Gender,Female,Diseases of heart,2018
19,2014,San Diego,Gender,Female,Essential hypertension and hypertensive renal disease,178
20,2014,San Diego,Gender,Female,Influenza and pneumonia,158
21,2014,San Diego,Gender,Female,Intentional self-harm (suicide),95
22,2014,San Diego,Gender,Female,Malignant neoplasms,2332
23,2014,San Diego,Gender,Female,"Nephritis, nephrotic syndrome and nephrosis",50
24,2014,San Diego,Gender,Female,Parkinson's disease,107
25,2014,San Diego,Gender,Male,Accidents (unintentional injuries),682
26,2014,San Diego,Gender,Male,Alzheimer's disease,415
27,2014,San Diego,Gender,Male,Assault (homicide),65
28,2014,San Diego,Gender,Male,Cerebrovascular diseases,473
29,2014,San Diego,Gender,Male,Chronic liver disease and cirrhosis,215
30,2014,San Diego,Gender,Male,Chronic lower respiratory diseases,451
31,2014,San Diego,Gender,Male,Diabetes mellitus,344
32,2014,San Diego,Gender,Male,Diseases of heart,2534
33,2014,San Diego,Gender,Male,Essential hypertension and hypertensive renal disease,135
34,2014,San Diego,Gender,Male,Influenza and pneumonia,143
35,2014,San Diego,Gender,Male,Intentional self-harm (suicide),318
36,2014,San Diego,Gender,Male,Malignant neoplasms,2539
37,2014,San Diego,Gender,Male,"Nephritis, nephrotic syndrome and nephrosis",60
38,2014,San Diego,Gender,Male,Parkinson's disease,161
39,2014,San Diego,Place Type,Decedent's Home,All causes (total),7083
40,2014,San Diego,Place Type,Emergency Room/Outpatient,All causes (total),944
41,2014,San Diego,Place Type,Hospice Facility,All causes (total),563
42,2014,San Diego,Place Type,Inpatient,All causes (total),6135
43,2014,San Diego,Place Type,Nursing Home/Long Term Care Facility,All causes (total),4428
44,2014,San Diego,Place Type,Other/Unknown,All causes (total),812
45,2014,San Diego,Race-Ethnicity,American Indian/Alaskan Native,Accidents (unintentional injuries),0
46,2014,San Diego,Race-Ethnicity,American Indian/Alaskan Native,Alzheimer's disease,0
47,2014,San Diego,Race-Ethnicity,American Indian/Alaskan Native,Assault (homicide),0
48,2014,San Diego,Race-Ethnicity,American Indian/Alaskan Native,Cerebrovascular diseases,0
49,2014,San Diego,Race-Ethnicity,American Indian/Alaskan Native,Chronic liver disease and cirrhosis,0
50,2014,San Diego,Race-Ethnicity,American Indian/Alaskan Native,Chronic lower respiratory diseases,0
51,2014,San Diego,Race-Ethnicity,American Indian/Alaskan Native,Diabetes mellitus,0
52,2014,San Diego,Race-Ethnicity,American Indian/Alaskan Native,Diseases of heart,18
53,2014,San Diego,Race-Ethnicity,American Indian/Alaskan Native,Essential hypertension and hypertensive renal disease,0
54,2014,San Diego,Race-Ethnicity,American Indian/Alaskan Native,Influenza and pneumonia,0
55,2014,San Diego,Race-Ethnicity,American Indian/Alaskan Native,Intentional self-harm (suicide),0
56,2014,San Diego,Race-Ethnicity,American Indian/Alaskan Native,Malignant neoplasms,16
57,2014,San Diego,Race-Ethnicity,American Indian/Alaskan Native,"Nephritis, nephrotic syndrome and nephrosis",0
58,2014,San Diego,Race-Ethnicity,American Indian/Alaskan Native,Parkinson's disease,0
59,2014,San Diego,Race-Ethnicity,Asian,Accidents (unintentional injuries),73
60,2014,San Diego,Race-Ethnicity,Asian,Alzheimer's disease,59
61,2014,San Diego,Race-Ethnicity,Asian,Assault (homicide),0
62,2014,San Diego,Race-Ethnicity,Asian,Cerebrovascular diseases,123
63,2014,San Diego,Race-Ethnicity,Asian,Chronic liver disease and cirrhosis,0
64,2014,San Diego,Race-Ethnicity,Asian,Chronic lower respiratory diseases,48
65,2014,San Diego,Race-Ethnicity,Asian,Diabetes mellitus,65
66,2014,San Diego,Race-Ethnicity,Asian,Diseases of heart,297
67,2014,San Diego,Race-Ethnicity,Asian,Essential hypertension and hypertensive renal disease,20
68,2014,San Diego,Race-Ethnicity,Asian,Influenza and pneumonia,35
69,2014,San Diego,Race-Ethnicity,Asian,Intentional self-harm (suicide),27
70,2014,San Diego,Race-Ethnicity,Asian,Malignant neoplasms,432
71,2014,San Diego,Race-Ethnicity,Asian,"Nephritis, nephrotic syndrome and nephrosis",0
72,2014,San Diego,Race-Ethnicity,Asian,Parkinson's disease,12
73,2014,San Diego,Race-Ethnicity,Black,Accidents (unintentional injuries),52
74,2014,San Diego,Race-Ethnicity,Black,Alzheimer's disease,37
75,2014,San Diego,Race-Ethnicity,Black,Assault (homicide),16
76,2014,San Diego,Race-Ethnicity,Black,Cerebrovascular diseases,50
77,2014,San Diego,Race-Ethnicity,Black,Chronic liver disease and cirrhosis,12
78,2014,San Diego,Race-Ethnicity,Black,Chronic lower respiratory diseases,40
79,2014,San Diego,Race-Ethnicity,Black,Diabetes mellitus,48
80,2014,San Diego,Race-Ethnicity,Black,Diseases of heart,243
81,2014,San Diego,Race-Ethnicity,Black,Essential hypertension and hypertensive renal disease,15
82,2014,San Diego,Race-Ethnicity,Black,Influenza and pneumonia,12
83,2014,San Diego,Race-Ethnicity,Black,Intentional self-harm (suicide),13
84,2014,San Diego,Race-Ethnicity,Black,Malignant neoplasms,235
85,2014,San Diego,Race-Ethnicity,Black,"Nephritis, nephrotic syndrome and nephrosis",0
86,2014,San Diego,Race-Ethnicity,Black,Parkinson's disease,0
87,2014,San Diego,Race-Ethnicity,Hawaiian/Pacific Islander,Accidents (unintentional injuries),0
88,2014,San Diego,Race-Ethnicity,Hawaiian/Pacific Islander,Alzheimer's disease,0
89,2014,San Diego,Race-Ethnicity,Hawaiian/Pacific Islander,Assault (homicide),0
90,2014,San Diego,Race-Ethnicity,Hawaiian/Pacific Islander,Cerebrovascular diseases,0
91,2014,San Diego,Race-Ethnicity,Hawaiian/Pacific Islander,Chronic liver disease and cirrhosis,0
92,2014,San Diego,Race-Ethnicity,Hawaiian/Pacific Islander,Chronic lower respiratory diseases,0
93,2014,San Diego,Race-Ethnicity,Hawaiian/Pacific Islander,Diabetes mellitus,0
94,2014,San Diego,Race-Ethnicity,Hawaiian/Pacific Islander,Diseases of heart,26
95,2014,San Diego,Race-Ethnicity,Hawaiian/Pacific Islander,Essential hypertension and hypertensive renal disease,0
96,2014,San Diego,Race-Ethnicity,Hawaiian/Pacific Islander,Influenza and pneumonia,0
97,2014,San Diego,Race-Ethnicity,Hawaiian/Pacific Islander,Intentional self-harm (suicide),0
98,2014,San Diego,Race-Ethnicity,Hawaiian/Pacific Islander,Malignant neoplasms,30
99,2014,San Diego,Race-Ethnicity,Hawaiian/Pacific Islander,"Nephritis, nephrotic syndrome and nephrosis",0
100,2014,San Diego,Race-Ethnicity,Hawaiian/Pacific Islander,Parkinson's disease,0
101,2014,San Diego,Race-Ethnicity,Hispanic,Accidents (unintentional injuries),211
102,2014,San Diego,Race-Ethnicity,Hispanic,Alzheimer's disease,140
103,2014,San Diego,Race-Ethnicity,Hispanic,Assault (homicide),27
104,2014,San Diego,Race-Ethnicity,Hispanic,Cerebrovascular diseases,166
105,2014,San Diego,Race-Ethnicity,Hispanic,Chronic liver disease and cirrhosis,101
106,2014,San Diego,Race-Ethnicity,Hispanic,Chronic lower respiratory diseases,79
107,2014,San Diego,Race-Ethnicity,Hispanic,Diabetes mellitus,137
108,2014,San Diego,Race-Ethnicity,Hispanic,Diseases of heart,608
109,2014,San Diego,Race-Ethnicity,Hispanic,Essential hypertension and hypertensive renal disease,50
110,2014,San Diego,Race-Ethnicity,Hispanic,Influenza and pneumonia,51
111,2014,San Diego,Race-Ethnicity,Hispanic,Intentional self-harm (suicide),57
112,2014,San Diego,Race-Ethnicity,Hispanic,Malignant neoplasms,762
113,2014,San Diego,Race-Ethnicity,Hispanic,"Nephritis, nephrotic syndrome and nephrosis",31
114,2014,San Diego,Race-Ethnicity,Hispanic,Parkinson's disease,41
115,2014,San Diego,Race-Ethnicity,Multi-Race,Accidents (unintentional injuries),13
116,2014,San Diego,Race-Ethnicity,Multi-Race,Alzheimer's disease,0
117,2014,San Diego,Race-Ethnicity,Multi-Race,Assault (homicide),0
118,2014,San Diego,Race-Ethnicity,Multi-Race,Cerebrovascular diseases,0
119,2014,San Diego,Race-Ethnicity,Multi-Race,Chronic liver disease and cirrhosis,0
120,2014,San Diego,Race-Ethnicity,Multi-Race,Chronic lower respiratory diseases,0
121,2014,San Diego,Race-Ethnicity,Multi-Race,Diabetes mellitus,0
122,2014,San Diego,Race-Ethnicity,Multi-Race,Diseases of heart,35
123,2014,San Diego,Race-Ethnicity,Multi-Race,Essential hypertension and hypertensive renal disease,0
124,2014,San Diego,Race-Ethnicity,Multi-Race,Influenza and pneumonia,0
125,2014,San Diego,Race-Ethnicity,Multi-Race,Intentional self-harm (suicide),0
126,2014,San Diego,Race-Ethnicity,Multi-Race,Malignant neoplasms,44
127,2014,San Diego,Race-Ethnicity,Multi-Race,"Nephritis, nephrotic syndrome and nephrosis",0
128,2014,San Diego,Race-Ethnicity,Multi-Race,Parkinson's disease,0
129,2014,San Diego,Race-Ethnicity,Other/Unknown,Accidents (unintentional injuries),0
130,2014,San Diego,Race-Ethnicity,Other/Unknown,Alzheimer's disease,0
131,2014,San Diego,Race-Ethnicity,Other/Unknown,Assault (homicide),0
132,2014,San Diego,Race-Ethnicity,Other/Unknown,Cerebrovascular diseases,0
133,2014,San Diego,Race-Ethnicity,Other/Unknown,Chronic liver disease and cirrhosis,0
134,2014,San Diego,Race-Ethnicity,Other/Unknown,Chronic lower respiratory diseases,0
135,2014,San Diego,Race-Ethnicity,Other/Unknown,Diabetes mellitus,0
136,2014,San Diego,Race-Ethnicity,Other/Unknown,Diseases of heart,31
137,2014,San Diego,Race-Ethnicity,Other/Unknown,Essential hypertension and hypertensive renal disease,0
138,2014,San Diego,Race-Ethnicity,Other/Unknown,Influenza and pneumonia,0
139,2014,San Diego,Race-Ethnicity,Other/Unknown,Intentional self-harm (suicide),0
140,2014,San Diego,Race-Ethnicity,Other/Unknown,Malignant neoplasms,15
141,2014,San Diego,Race-Ethnicity,Other/Unknown,"Nephritis, nephrotic syndrome and nephrosis",0
142,2014,San Diego,Race-Ethnicity,Other/Unknown,Parkinson's disease,0
143,2014,San Diego,Race-Ethnicity,White,Accidents (unintentional injuries),720
144,2014,San Diego,Race-Ethnicity,White,Alzheimer's disease,1062
145,2014,San Diego,Race-Ethnicity,White,Assault (homicide),29
146,2014,San Diego,Race-Ethnicity,White,Cerebrovascular diseases,788
147,2014,San Diego,Race-Ethnicity,White,Chronic liver disease and cirrhosis,186
148,2014,San Diego,Race-Ethnicity,White,Chronic lower respiratory diseases,800
149,2014,San Diego,Race-Ethnicity,White,Diabetes mellitus,310
150,2014,San Diego,Race-Ethnicity,White,Diseases of heart,3294
151,2014,San Diego,Race-Ethnicity,White,Essential hypertension and hypertensive renal disease,223
152,2014,San Diego,Race-Ethnicity,White,Influenza and pneumonia,196
153,2014,San Diego,Race-Ethnicity,White,Intentional self-harm (suicide),307
154,2014,San Diego,Race-Ethnicity,White,Malignant neoplasms,3337
155,2014,San Diego,Race-Ethnicity,White,"Nephritis, nephrotic syndrome and nephrosis",64
156,2014,San Diego,Race-Ethnicity,White,Parkinson's disease,204
157,2014,San Diego,Total Population,Total Population,Accidents (unintentional injuries),1084
158,2014,San Diego,Total Population,Total Population,Alzheimer's disease,1314
159,2014,San Diego,Total Population,Total Population,Assault (homicide),84
160,2014,San Diego,Total Population,Total Population,Cerebrovascular diseases,1145
161,2014,San Diego,Total Population,Total Population,Chronic liver disease and cirrhosis,316
162,2014,San Diego,Total Population,Total Population,Chronic lower respiratory diseases,985
163,2014,San Diego,Total Population,Total Population,Diabetes mellitus,585
164,2014,San Diego,Total Population,Total Population,Diseases of heart,4552
165,2014,San Diego,Total Population,Total Population,Essential hypertension and hypertensive renal disease,313
166,2014,San Diego,Total Population,Total Population,Influenza and pneumonia,301
167,2014,San Diego,Total Population,Total Population,Intentional self-harm (suicide),413
168,2014,San Diego,Total Population,Total Population,Malignant neoplasms,4871
169,2014,San Diego,Total Population,Total Population,"Nephritis, nephrotic syndrome and nephrosis",110
170,2014,San Diego,Total Population,Total Population,Parkinson's disease,268
171,2015,San Diego,Age,1-4 years,All causes (total),17
172,2015,San Diego,Age,15-24 years,All causes (total),243
173,2015,San Diego,Age,25-34 years,All causes (total),333
174,2015,San Diego,Age,35-44 years,All causes (total),447
175,2015,San Diego,Age,45-54 years,All causes (total),1240
176,2015,San Diego,Age,5-14 years,All causes (total),41
177,2015,San Diego,Age,55-64 years,All causes (total),2559
178,2015,San Diego,Age,65-74 years,All causes (total),3407
179,2015,San Diego,Age,75-84 years,All causes (total),4737
180,2015,San Diego,Age,85 years and over,All causes (total),7706
181,2015,San Diego,Age,Under 1 year,All causes (total),161
182,2015,San Diego,Gender,Female,Accidents (unintentional injuries),382
183,2015,San Diego,Gender,Female,Alzheimer's disease,913
184,2015,San Diego,Gender,Female,Assault (homicide),25
185,2015,San Diego,Gender,Female,Cerebrovascular diseases,685
186,2015,San Diego,Gender,Female,Chronic liver disease and cirrhosis,148
187,2015,San Diego,Gender,Female,Chronic lower respiratory diseases,559
188,2015,San Diego,Gender,Female,Diabetes mellitus,323
189,2015,San Diego,Gender,Female,Diseases of heart,2259
190,2015,San Diego,Gender,Female,Essential hypertension and hypertensive renal disease,223
191,2015,San Diego,Gender,Female,Influenza and pneumonia,177
192,2015,San Diego,Gender,Female,Intentional self-harm (suicide),103
193,2015,San Diego,Gender,Female,Malignant neoplasms,2400
194,2015,San Diego,Gender,Female,"Nephritis, nephrotic syndrome and nephrosis",44
195,2015,San Diego,Gender,Female,Parkinson's disease,92
196,2015,San Diego,Gender,Male,Accidents (unintentional injuries),690
197,2015,San Diego,Gender,Male,Alzheimer's disease,490
198,2015,San Diego,Gender,Male,Assault (homicide),69
199,2015,San Diego,Gender,Male,Cerebrovascular diseases,485
200,2015,San Diego,Gender,Male,Chronic liver disease and cirrhosis,243
201,2015,San Diego,Gender,Male,Chronic lower respiratory diseases,440
202,2015,San Diego,Gender,Male,Diabetes mellitus,389
203,2015,San Diego,Gender,Male,Diseases of heart,2498
204,2015,San Diego,Gender,Male,Essential hypertension and hypertensive renal disease,160
205,2015,San Diego,Gender,Male,Influenza and pneumonia,168
206,2015,San Diego,Gender,Male,Intentional self-harm (suicide),309
207,2015,San Diego,Gender,Male,Malignant neoplasms,2655
208,2015,San Diego,Gender,Male,"Nephritis, nephrotic syndrome and nephrosis",54
209,2015,San Diego,Gender,Male,Parkinson's disease,178
210,2015,San Diego,Place Type,Decedent's Home,All causes (total),7259
211,2015,San Diego,Place Type,Emergency Room/Outpatient,All causes (total),1017
212,2015,San Diego,Place Type,Hospice Facility,All causes (total),655
213,2015,San Diego,Place Type,Inpatient,All causes (total),6513
214,2015,San Diego,Place Type,Nursing Home/Long Term Care Facility,All causes (total),4557
215,2015,San Diego,Place Type,Other/Unknown,All causes (total),890
216,2015,San Diego,Race-Ethnicity,American Indian/Alaskan Native,Accidents (unintentional injuries),0
217,2015,San Diego,Race-Ethnicity,American Indian/Alaskan Native,Alzheimer's disease,0
218,2015,San Diego,Race-Ethnicity,American Indian/Alaskan Native,Assault (homicide),0
219,2015,San Diego,Race-Ethnicity,American Indian/Alaskan Native,Cerebrovascular diseases,0
220,2015,San Diego,Race-Ethnicity,American Indian/Alaskan Native,Chronic liver disease and cirrhosis,0
221,2015,San Diego,Race-Ethnicity,American Indian/Alaskan Native,Chronic lower respiratory diseases,0
222,2015,San Diego,Race-Ethnicity,American Indian/Alaskan Native,Diabetes mellitus,0
223,2015,San Diego,Race-Ethnicity,American Indian/Alaskan Native,Diseases of heart,19
224,2015,San Diego,Race-Ethnicity,American Indian/Alaskan Native,Essential hypertension and hypertensive renal disease,0
225,2015,San Diego,Race-Ethnicity,American Indian/Alaskan Native,Influenza and pneumonia,0
226,2015,San Diego,Race-Ethnicity,American Indian/Alaskan Native,Intentional self-harm (suicide),0
227,2015,San Diego,Race-Ethnicity,American Indian/Alaskan Native,Malignant neoplasms,21
228,2015,San Diego,Race-Ethnicity,American Indian/Alaskan Native,"Nephritis, nephrotic syndrome and nephrosis",0
229,2015,San Diego,Race-Ethnicity,American Indian/Alaskan Native,Parkinson's disease,0
230,2015,San Diego,Race-Ethnicity,Asian,Accidents (unintentional injuries),64
231,2015,San Diego,Race-Ethnicity,Asian,Alzheimer's disease,60
232,2015,San Diego,Race-Ethnicity,Asian,Assault (homicide),0
233,2015,San Diego,Race-Ethnicity,Asian,Cerebrovascular diseases,123
234,2015,San Diego,Race-Ethnicity,Asian,Chronic liver disease and cirrhosis,16
235,2015,San Diego,Race-Ethnicity,Asian,Chronic lower respiratory diseases,45
236,2015,San Diego,Race-Ethnicity,Asian,Diabetes mellitus,58
237,2015,San Diego,Race-Ethnicity,Asian,Diseases of heart,307
238,2015,San Diego,Race-Ethnicity,Asian,Essential hypertension and hypertensive renal disease,29
239,2015,San Diego,Race-Ethnicity,Asian,Influenza and pneumonia,33
240,2015,San Diego,Race-Ethnicity,Asian,Intentional self-harm (suicide),23
241,2015,San Diego,Race-Ethnicity,Asian,Malignant neoplasms,437
242,2015,San Diego,Race-Ethnicity,Asian,"Nephritis, nephrotic syndrome and nephrosis",12
243,2015,San Diego,Race-Ethnicity,Asian,Parkinson's disease,22
244,2015,San Diego,Race-Ethnicity,Black,Accidents (unintentional injuries),44
245,2015,San Diego,Race-Ethnicity,Black,Alzheimer's disease,37
246,2015,San Diego,Race-Ethnicity,Black,Assault (homicide),19
247,2015,San Diego,Race-Ethnicity,Black,Cerebrovascular diseases,58
248,2015,San Diego,Race-Ethnicity,Black,Chronic liver disease and cirrhosis,17
249,2015,San Diego,Race-Ethnicity,Black,Chronic lower respiratory diseases,31
250,2015,San Diego,Race-Ethnicity,Black,Diabetes mellitus,63
251,2015,San Diego,Race-Ethnicity,Black,Diseases of heart,226
252,2015,San Diego,Race-Ethnicity,Black,Essential hypertension and hypertensive renal disease,25
253,2015,San Diego,Race-Ethnicity,Black,Influenza and pneumonia,14
254,2015,San Diego,Race-Ethnicity,Black,Intentional self-harm (suicide),16
255,2015,San Diego,Race-Ethnicity,Black,Malignant neoplasms,243
256,2015,San Diego,Race-Ethnicity,Black,"Nephritis, nephrotic syndrome and nephrosis",0
257,2015,San Diego,Race-Ethnicity,Black,Parkinson's disease,0
258,2015,San Diego,Race-Ethnicity,Hawaiian/Pacific Islander,Accidents (unintentional injuries),0
259,2015,San Diego,Race-Ethnicity,Hawaiian/Pacific Islander,Alzheimer's disease,0
260,2015,San Diego,Race-Ethnicity,Hawaiian/Pacific Islander,Assault (homicide),0
261,2015,San Diego,Race-Ethnicity,Hawaiian/Pacific Islander,Cerebrovascular diseases,0
262,2015,San Diego,Race-Ethnicity,Hawaiian/Pacific Islander,Chronic liver disease and cirrhosis,0
263,2015,San Diego,Race-Ethnicity,Hawaiian/Pacific Islander,Chronic lower respiratory diseases,0
264,2015,San Diego,Race-Ethnicity,Hawaiian/Pacific Islander,Diabetes mellitus,0
265,2015,San Diego,Race-Ethnicity,Hawaiian/Pacific Islander,Diseases of heart,27
266,2015,San Diego,Race-Ethnicity,Hawaiian/Pacific Islander,Essential hypertension and hypertensive renal disease,0
267,2015,San Diego,Race-Ethnicity,Hawaiian/Pacific Islander,Influenza and pneumonia,0
268,2015,San Diego,Race-Ethnicity,Hawaiian/Pacific Islander,Intentional self-harm (suicide),0
269,2015,San Diego,Race-Ethnicity,Hawaiian/Pacific Islander,Malignant neoplasms,27
270,2015,San Diego,Race-Ethnicity,Hawaiian/Pacific Islander,"Nephritis, nephrotic syndrome and nephrosis",0
271,2015,San Diego,Race-Ethnicity,Hawaiian/Pacific Islander,Parkinson's disease,0
272,2015,San Diego,Race-Ethnicity,Hispanic,Accidents (unintentional injuries),222
273,2015,San Diego,Race-Ethnicity,Hispanic,Alzheimer's disease,152
274,2015,San Diego,Race-Ethnicity,Hispanic,Assault (homicide),27
275,2015,San Diego,Race-Ethnicity,Hispanic,Cerebrovascular diseases,180
276,2015,San Diego,Race-Ethnicity,Hispanic,Chronic liver disease and cirrhosis,106
277,2015,San Diego,Race-Ethnicity,Hispanic,Chronic lower respiratory diseases,84
278,2015,San Diego,Race-Ethnicity,Hispanic,Diabetes mellitus,201
279,2015,San Diego,Race-Ethnicity,Hispanic,Diseases of heart,614
280,2015,San Diego,Race-Ethnicity,Hispanic,Essential hypertension and hypertensive renal disease,60
281,2015,San Diego,Race-Ethnicity,Hispanic,Influenza and pneumonia,56
282,2015,San Diego,Race-Ethnicity,Hispanic,Intentional self-harm (suicide),52
283,2015,San Diego,Race-Ethnicity,Hispanic,Malignant neoplasms,771
284,2015,San Diego,Race-Ethnicity,Hispanic,"Nephritis, nephrotic syndrome and nephrosis",15
285,2015,San Diego,Race-Ethnicity,Hispanic,Parkinson's disease,30
286,2015,San Diego,Race-Ethnicity,Multi-Race,Accidents (unintentional injuries),22
287,2015,San Diego,Race-Ethnicity,Multi-Race,Alzheimer's disease,0
288,2015,San Diego,Race-Ethnicity,Multi-Race,Assault (homicide),0
289,2015,San Diego,Race-Ethnicity,Multi-Race,Cerebrovascular diseases,0
290,2015,San Diego,Race-Ethnicity,Multi-Race,Chronic liver disease and cirrhosis,0
291,2015,San Diego,Race-Ethnicity,Multi-Race,Chronic lower respiratory diseases,0
292,2015,San Diego,Race-Ethnicity,Multi-Race,Diabetes mellitus,0
293,2015,San Diego,Race-Ethnicity,Multi-Race,Diseases of heart,37
294,2015,San Diego,Race-Ethnicity,Multi-Race,Essential hypertension and hypertensive renal disease,0
295,2015,San Diego,Race-Ethnicity,Multi-Race,Influenza and pneumonia,0
296,2015,San Diego,Race-Ethnicity,Multi-Race,Intentional self-harm (suicide),0
297,2015,San Diego,Race-Ethnicity,Multi-Race,Malignant neoplasms,40
298,2015,San Diego,Race-Ethnicity,Multi-Race,"Nephritis, nephrotic syndrome and nephrosis",0
299,2015,San Diego,Race-Ethnicity,Multi-Race,Parkinson's disease,0
300,2015,San Diego,Race-Ethnicity,Other/Unknown,Accidents (unintentional injuries),0
301,2015,San Diego,Race-Ethnicity,Other/Unknown,Alzheimer's disease,0
302,2015,San Diego,Race-Ethnicity,Other/Unknown,Assault (homicide),0
303,2015,San Diego,Race-Ethnicity,Other/Unknown,Cerebrovascular diseases,0
304,2015,San Diego,Race-Ethnicity,Other/Unknown,Chronic liver disease and cirrhosis,0
305,2015,San Diego,Race-Ethnicity,Other/Unknown,Chronic lower respiratory diseases,19
306,2015,San Diego,Race-Ethnicity,Other/Unknown,Diabetes mellitus,11
307,2015,San Diego,Race-Ethnicity,Other/Unknown,Diseases of heart,27
308,2015,San Diego,Race-Ethnicity,Other/Unknown,Essential hypertension and hypertensive renal disease,0
309,2015,San Diego,Race-Ethnicity,Other/Unknown,Influenza and pneumonia,0
310,2015,San Diego,Race-Ethnicity,Other/Unknown,Intentional self-harm (suicide),0
311,2015,San Diego,Race-Ethnicity,Other/Unknown,Malignant neoplasms,25
312,2015,San Diego,Race-Ethnicity,Other/Unknown,"Nephritis, nephrotic syndrome and nephrosis",0
313,2015,San Diego,Race-Ethnicity,Other/Unknown,Parkinson's disease,0
314,2015,San Diego,Race-Ethnicity,White,Accidents (unintentional injuries),707
315,2015,San Diego,Race-Ethnicity,White,Alzheimer's disease,1133
316,2015,San Diego,Race-Ethnicity,White,Assault (homicide),38
317,2015,San Diego,Race-Ethnicity,White,Cerebrovascular diseases,782
318,2015,San Diego,Race-Ethnicity,White,Chronic liver disease and cirrhosis,234
319,2015,San Diego,Race-Ethnicity,White,Chronic lower respiratory diseases,807
320,2015,San Diego,Race-Ethnicity,White,Diabetes mellitus,357
321,2015,San Diego,Race-Ethnicity,White,Diseases of heart,3500
322,2015,San Diego,Race-Ethnicity,White,Essential hypertension and hypertensive renal disease,263
323,2015,San Diego,Race-Ethnicity,White,Influenza and pneumonia,236
324,2015,San Diego,Race-Ethnicity,White,Intentional self-harm (suicide),307
325,2015,San Diego,Race-Ethnicity,White,Malignant neoplasms,3491
326,2015,San Diego,Race-Ethnicity,White,"Nephritis, nephrotic syndrome and nephrosis",62
327,2015,San Diego,Race-Ethnicity,White,Parkinson's disease,208
328,2015,San Diego,Total Population,Total Population,Accidents (unintentional injuries),1072
329,2015,San Diego,Total Population,Total Population,Alzheimer's disease,1403
330,2015,San Diego,Total Population,Total Population,Assault (homicide),94
331,2015,San Diego,Total Population,Total Population,Cerebrovascular diseases,1170
332,2015,San Diego,Total Population,Total Population,Chronic liver disease and cirrhosis,391
333,2015,San Diego,Total Population,Total Population,Chronic lower respiratory diseases,999
334,2015,San Diego,Total Population,Total Population,Diabetes mellitus,712
335,2015,San Diego,Total Population,Total Population,Diseases of heart,4757
336,2015,San Diego,Total Population,Total Population,Essential hypertension and hypertensive renal disease,383
337,2015,San Diego,Total Population,Total Population,Influenza and pneumonia,345
338,2015,San Diego,Total Population,Total Population,Intentional self-harm (suicide),412
339,2015,San Diego,Total Population,Total Population,Malignant neoplasms,5055
340,2015,San Diego,Total Population,Total Population,"Nephritis, nephrotic syndrome and nephrosis",98
341,2015,San Diego,Total Population,Total Population,Parkinson's disease,270
342,2016,San Diego,Age,1-4 years,All causes (total),25
343,2016,San Diego,Age,15-24 years,All causes (total),219
344,2016,San Diego,Age,25-34 years,All causes (total),381
345,2016,San Diego,Age,35-44 years,All causes (total),564
346,2016,San Diego,Age,45-54 years,All causes (total),1167
347,2016,San Diego,Age,5-14 years,All causes (total),42
348,2016,San Diego,Age,55-64 years,All causes (total),2681
349,2016,San Diego,Age,65-74 years,All causes (total),3538
350,2016,San Diego,Age,75-84 years,All causes (total),4816
351,2016,San Diego,Age,85 years and over,All causes (total),7802
352,2016,San Diego,Age,Under 1 year,All causes (total),160
353,2016,San Diego,Gender,Female,Accidents (unintentional injuries),385
354,2016,San Diego,Gender,Female,Alzheimer's disease,967
355,2016,San Diego,Gender,Female,Assault (homicide),24
356,2016,San Diego,Gender,Female,Cerebrovascular diseases,787
357,2016,San Diego,Gender,Female,Chronic liver disease and cirrhosis,178
358,2016,San Diego,Gender,Female,Chronic lower respiratory diseases,549
359,2016,San Diego,Gender,Female,Diabetes mellitus,323
360,2016,San Diego,Gender,Female,Diseases of heart,2240
361,2016,San Diego,Gender,Female,Essential hypertension and hypertensive renal disease,218
362,2016,San Diego,Gender,Female,Influenza and pneumonia,178
363,2016,San Diego,Gender,Female,Intentional self-harm (suicide),104
364,2016,San Diego,Gender,Female,Malignant neoplasms,2519
365,2016,San Diego,Gender,Female,"Nephritis, nephrotic syndrome and nephrosis",40
366,2016,San Diego,Gender,Female,Parkinson's disease,117
367,2016,San Diego,Gender,Male,Accidents (unintentional injuries),721
368,2016,San Diego,Gender,Male,Alzheimer's disease,444
369,2016,San Diego,Gender,Male,Assault (homicide),83
370,2016,San Diego,Gender,Male,Cerebrovascular diseases,589
371,2016,San Diego,Gender,Male,Chronic liver disease and cirrhosis,238
372,2016,San Diego,Gender,Male,Chronic lower respiratory diseases,490
373,2016,San Diego,Gender,Male,Diabetes mellitus,418
374,2016,San Diego,Gender,Male,Diseases of heart,2621
375,2016,San Diego,Gender,Male,Essential hypertension and hypertensive renal disease,183
376,2016,San Diego,Gender,Male,Influenza and pneumonia,182
377,2016,San Diego,Gender,Male,Intentional self-harm (suicide),312
378,2016,San Diego,Gender,Male,Malignant neoplasms,2608
379,2016,San Diego,Gender,Male,"Nephritis, nephrotic syndrome and nephrosis",48
380,2016,San Diego,Gender,Male,Parkinson's disease,205
381,2016,San Diego,Place Type,Decedent's Home,All causes (total),7378
382,2016,San Diego,Place Type,Emergency Room/Outpatient,All causes (total),1192
383,2016,San Diego,Place Type,Hospice Facility,All causes (total),847
384,2016,San Diego,Place Type,Inpatient,All causes (total),6521
385,2016,San Diego,Place Type,Nursing Home/Long Term Care Facility,All causes (total),4574
386,2016,San Diego,Place Type,Other/Unknown,All causes (total),884
387,2016,San Diego,Race-Ethnicity,American Indian/Alaskan Native,Accidents (unintentional injuries),11
388,2016,San Diego,Race-Ethnicity,American Indian/Alaskan Native,Alzheimer's disease,0
389,2016,San Diego,Race-Ethnicity,American Indian/Alaskan Native,Assault (homicide),0
390,2016,San Diego,Race-Ethnicity,American Indian/Alaskan Native,Cerebrovascular diseases,0
391,2016,San Diego,Race-Ethnicity,American Indian/Alaskan Native,Chronic liver disease and cirrhosis,0
392,2016,San Diego,Race-Ethnicity,American Indian/Alaskan Native,Chronic lower respiratory diseases,0
393,2016,San Diego,Race-Ethnicity,American Indian/Alaskan Native,Diabetes mellitus,0
394,2016,San Diego,Race-Ethnicity,American Indian/Alaskan Native,Diseases of heart,24
395,2016,San Diego,Race-Ethnicity,American Indian/Alaskan Native,Essential hypertension and hypertensive renal disease,0
396,2016,San Diego,Race-Ethnicity,American Indian/Alaskan Native,Influenza and pneumonia,0
397,2016,San Diego,Race-Ethnicity,American Indian/Alaskan Native,Intentional self-harm (suicide),0
398,2016,San Diego,Race-Ethnicity,American Indian/Alaskan Native,Malignant neoplasms,20
399,2016,San Diego,Race-Ethnicity,American Indian/Alaskan Native,"Nephritis, nephrotic syndrome and nephrosis",0
400,2016,San Diego,Race-Ethnicity,American Indian/Alaskan Native,Parkinson's disease,0
401,2016,San Diego,Race-Ethnicity,Asian,Accidents (unintentional injuries),69
402,2016,San Diego,Race-Ethnicity,Asian,Alzheimer's disease,70
403,2016,San Diego,Race-Ethnicity,Asian,Assault (homicide),0
404,2016,San Diego,Race-Ethnicity,Asian,Cerebrovascular diseases,158
405,2016,San Diego,Race-Ethnicity,Asian,Chronic liver disease and cirrhosis,15
406,2016,San Diego,Race-Ethnicity,Asian,Chronic lower respiratory diseases,51
407,2016,San Diego,Race-Ethnicity,Asian,Diabetes mellitus,85
408,2016,San Diego,Race-Ethnicity,Asian,Diseases of heart,317
409,2016,San Diego,Race-Ethnicity,Asian,Essential hypertension and hypertensive renal disease,31
410,2016,San Diego,Race-Ethnicity,Asian,Influenza and pneumonia,39
411,2016,San Diego,Race-Ethnicity,Asian,Intentional self-harm (suicide),33
412,2016,San Diego,Race-Ethnicity,Asian,Malignant neoplasms,422
413,2016,San Diego,Race-Ethnicity,Asian,"Nephritis, nephrotic syndrome and nephrosis",0
414,2016,San Diego,Race-Ethnicity,Asian,Parkinson's disease,22
415,2016,San Diego,Race-Ethnicity,Black,Accidents (unintentional injuries),63
416,2016,San Diego,Race-Ethnicity,Black,Alzheimer's disease,34
417,2016,San Diego,Race-Ethnicity,Black,Assault (homicide),30
418,2016,San Diego,Race-Ethnicity,Black,Cerebrovascular diseases,56
419,2016,San Diego,Race-Ethnicity,Black,Chronic liver disease and cirrhosis,13
420,2016,San Diego,Race-Ethnicity,Black,Chronic lower respiratory diseases,46
421,2016,San Diego,Race-Ethnicity,Black,Diabetes mellitus,58
422,2016,San Diego,Race-Ethnicity,Black,Diseases of heart,256
423,2016,San Diego,Race-Ethnicity,Black,Essential hypertension and hypertensive renal disease,26
424,2016,San Diego,Race-Ethnicity,Black,Influenza and pneumonia,0
425,2016,San Diego,Race-Ethnicity,Black,Intentional self-harm (suicide),18
426,2016,San Diego,Race-Ethnicity,Black,Malignant neoplasms,216
427,2016,San Diego,Race-Ethnicity,Black,"Nephritis, nephrotic syndrome and nephrosis",0
428,2016,San Diego,Race-Ethnicity,Black,Parkinson's disease,0
429,2016,San Diego,Race-Ethnicity,Hawaiian/Pacific Islander,Accidents (unintentional injuries),0
430,2016,San Diego,Race-Ethnicity,Hawaiian/Pacific Islander,Alzheimer's disease,0
431,2016,San Diego,Race-Ethnicity,Hawaiian/Pacific Islander,Assault (homicide),0
432,2016,San Diego,Race-Ethnicity,Hawaiian/Pacific Islander,Cerebrovascular diseases,0
433,2016,San Diego,Race-Ethnicity,Hawaiian/Pacific Islander,Chronic liver disease and cirrhosis,0
434,2016,San Diego,Race-Ethnicity,Hawaiian/Pacific Islander,Chronic lower respiratory diseases,0
435,2016,San Diego,Race-Ethnicity,Hawaiian/Pacific Islander,Diabetes mellitus,0
436,2016,San Diego,Race-Ethnicity,Hawaiian/Pacific Islander,Diseases of heart,28
437,2016,San Diego,Race-Ethnicity,Hawaiian/Pacific Islander,Essential hypertension and hypertensive renal disease,0
438,2016,San Diego,Race-Ethnicity,Hawaiian/Pacific Islander,Influenza and pneumonia,0
439,2016,San Diego,Race-Ethnicity,Hawaiian/Pacific Islander,Intentional self-harm (suicide),0
440,2016,San Diego,Race-Ethnicity,Hawaiian/Pacific Islander,Malignant neoplasms,22
441,2016,San Diego,Race-Ethnicity,Hawaiian/Pacific Islander,"Nephritis, nephrotic syndrome and nephrosis",0
442,2016,San Diego,Race-Ethnicity,Hawaiian/Pacific Islander,Parkinson's disease,0
443,2016,San Diego,Race-Ethnicity,Hispanic,Accidents (unintentional injuries),216
444,2016,San Diego,Race-Ethnicity,Hispanic,Alzheimer's disease,166
445,2016,San Diego,Race-Ethnicity,Hispanic,Assault (homicide),37
446,2016,San Diego,Race-Ethnicity,Hispanic,Cerebrovascular diseases,220
447,2016,San Diego,Race-Ethnicity,Hispanic,Chronic liver disease and cirrhosis,119
448,2016,San Diego,Race-Ethnicity,Hispanic,Chronic lower respiratory diseases,79
449,2016,San Diego,Race-Ethnicity,Hispanic,Diabetes mellitus,214
450,2016,San Diego,Race-Ethnicity,Hispanic,Diseases of heart,632
451,2016,San Diego,Race-Ethnicity,Hispanic,Essential hypertension and hypertensive renal disease,62
452,2016,San Diego,Race-Ethnicity,Hispanic,Influenza and pneumonia,56
453,2016,San Diego,Race-Ethnicity,Hispanic,Intentional self-harm (suicide),59
454,2016,San Diego,Race-Ethnicity,Hispanic,Malignant neoplasms,890
455,2016,San Diego,Race-Ethnicity,Hispanic,"Nephritis, nephrotic syndrome and nephrosis",16
456,2016,San Diego,Race-Ethnicity,Hispanic,Parkinson's disease,33
457,2016,San Diego,Race-Ethnicity,Multi-Race,Accidents (unintentional injuries),21
458,2016,San Diego,Race-Ethnicity,Multi-Race,Alzheimer's disease,0
459,2016,San Diego,Race-Ethnicity,Multi-Race,Assault (homicide),0
460,2016,San Diego,Race-Ethnicity,Multi-Race,Cerebrovascular diseases,0
461,2016,San Diego,Race-Ethnicity,Multi-Race,Chronic liver disease and cirrhosis,0
462,2016,San Diego,Race-Ethnicity,Multi-Race,Chronic lower respiratory diseases,12
463,2016,San Diego,Race-Ethnicity,Multi-Race,Diabetes mellitus,0
464,2016,San Diego,Race-Ethnicity,Multi-Race,Diseases of heart,37
465,2016,San Diego,Race-Ethnicity,Multi-Race,Essential hypertension and hypertensive renal disease,0
466,2016,San Diego,Race-Ethnicity,Multi-Race,Influenza and pneumonia,0
467,2016,San Diego,Race-Ethnicity,Multi-Race,Intentional self-harm (suicide),0
468,2016,San Diego,Race-Ethnicity,Multi-Race,Malignant neoplasms,44
469,2016,San Diego,Race-Ethnicity,Multi-Race,"Nephritis, nephrotic syndrome and nephrosis",0
470,2016,San Diego,Race-Ethnicity,Multi-Race,Parkinson's disease,0
471,2016,San Diego,Race-Ethnicity,Other/Unknown,Accidents (unintentional injuries),0
472,2016,San Diego,Race-Ethnicity,Other/Unknown,Alzheimer's disease,11
473,2016,San Diego,Race-Ethnicity,Other/Unknown,Assault (homicide),0
474,2016,San Diego,Race-Ethnicity,Other/Unknown,Cerebrovascular diseases,0
475,2016,San Diego,Race-Ethnicity,Other/Unknown,Chronic liver disease and cirrhosis,0
476,2016,San Diego,Race-Ethnicity,Other/Unknown,Chronic lower respiratory diseases,12
477,2016,San Diego,Race-Ethnicity,Other/Unknown,Diabetes mellitus,0
478,2016,San Diego,Race-Ethnicity,Other/Unknown,Diseases of heart,34
479,2016,San Diego,Race-Ethnicity,Other/Unknown,Essential hypertension and hypertensive renal disease,0
480,2016,San Diego,Race-Ethnicity,Other/Unknown,Influenza and pneumonia,0
481,2016,San Diego,Race-Ethnicity,Other/Unknown,Intentional self-harm (suicide),0
482,2016,San Diego,Race-Ethnicity,Other/Unknown,Malignant neoplasms,27
483,2016,San Diego,Race-Ethnicity,Other/Unknown,"Nephritis, nephrotic syndrome and nephrosis",0
484,2016,San Diego,Race-Ethnicity,Other/Unknown,Parkinson's disease,0
485,2016,San Diego,Race-Ethnicity,White,Accidents (unintentional injuries),714
486,2016,San Diego,Race-Ethnicity,White,Alzheimer's disease,1116
487,2016,San Diego,Race-Ethnicity,White,Assault (homicide),25
488,2016,San Diego,Race-Ethnicity,White,Cerebrovascular diseases,917
489,2016,San Diego,Race-Ethnicity,White,Chronic liver disease and cirrhosis,252
490,2016,San Diego,Race-Ethnicity,White,Chronic lower respiratory diseases,829
491,2016,San Diego,Race-Ethnicity,White,Diabetes mellitus,353
492,2016,San Diego,Race-Ethnicity,White,Diseases of heart,3533
493,2016,San Diego,Race-Ethnicity,White,Essential hypertension and hypertensive renal disease,274
494,2016,San Diego,Race-Ethnicity,White,Influenza and pneumonia,240
495,2016,San Diego,Race-Ethnicity,White,Intentional self-harm (suicide),291
496,2016,San Diego,Race-Ethnicity,White,Malignant neoplasms,3486
497,2016,San Diego,Race-Ethnicity,White,"Nephritis, nephrotic syndrome and nephrosis",57
498,2016,San Diego,Race-Ethnicity,White,Parkinson's disease,254
499,2016,San Diego,Total Population,Total Population,Accidents (unintentional injuries),1106
500,2016,San Diego,Total Population,Total Population,Alzheimer's disease,1411
501,2016,San Diego,Total Population,Total Population,Assault (homicide),107
502,2016,San Diego,Total Population,Total Population,Cerebrovascular diseases,1376
503,2016,San Diego,Total Population,Total Population,Chronic liver disease and cirrhosis,416
504,2016,San Diego,Total Population,Total Population,Chronic lower respiratory diseases,1039
505,2016,San Diego,Total Population,Total Population,Diabetes mellitus,741
506,2016,San Diego,Total Population,Total Population,Diseases of heart,4861
507,2016,San Diego,Total Population,Total Population,Essential hypertension and hypertensive renal disease,401
508,2016,San Diego,Total Population,Total Population,Influenza and pneumonia,360
509,2016,San Diego,Total Population,Total Population,Intentional self-harm (suicide),416
510,2016,San Diego,Total Population,Total Population,Malignant neoplasms,5127
511,2016,San Diego,Total Population,Total Population,"Nephritis, nephrotic syndrome and nephrosis",88
512,2016,San Diego,Total Population,Total Population,Parkinson's disease,322
513,2017,San Diego,Age,1-4 years,All causes (total),22
514,2017,San Diego,Age,15-24 years,All causes (total),195
515,2017,San Diego,Age,25-34 years,All causes (total),379
516,2017,San Diego,Age,35-44 years,All causes (total),525
517,2017,San Diego,Age,45-54 years,All causes (total),1120
518,2017,San Diego,Age,5-14 years,All causes (total),41
519,2017,San Diego,Age,55-64 years,All causes (total),2570
520,2017,San Diego,Age,65-74 years,All causes (total),3673
521,2017,San Diego,Age,75-84 years,All causes (total),4816
522,2017,San Diego,Age,85 years and over,All causes (total),8223
523,2017,San Diego,Age,Under 1 year,All causes (total),151
524,2017,San Diego,Gender,Female,Accidents (unintentional injuries),429
525,2017,San Diego,Gender,Female,Alzheimer's disease,983
526,2017,San Diego,Gender,Female,Assault (homicide),26
527,2017,San Diego,Gender,Female,Cerebrovascular diseases,814
528,2017,San Diego,Gender,Female,Chronic liver disease and cirrhosis,141
529,2017,San Diego,Gender,Female,Chronic lower respiratory diseases,560
530,2017,San Diego,Gender,Female,Diabetes mellitus,373
531,2017,San Diego,Gender,Female,Diseases of heart,2223
532,2017,San Diego,Gender,Female,Essential hypertension and hypertensive renal disease,255
533,2017,San Diego,Gender,Female,Influenza and pneumonia,221
534,2017,San Diego,Gender,Female,Intentional self-harm (suicide),99
535,2017,San Diego,Gender,Female,Malignant neoplasms,2417
536,2017,San Diego,Gender,Female,"Nephritis, nephrotic syndrome and nephrosis",37
537,2017,San Diego,Gender,Female,Parkinson's disease,142
538,2017,San Diego,Gender,Male,Accidents (unintentional injuries),801
539,2017,San Diego,Gender,Male,Alzheimer's disease,480
540,2017,San Diego,Gender,Male,Assault (homicide),59
541,2017,San Diego,Gender,Male,Cerebrovascular diseases,567
542,2017,San Diego,Gender,Male,Chronic liver disease and cirrhosis,225
543,2017,San Diego,Gender,Male,Chronic lower respiratory diseases,471
544,2017,San Diego,Gender,Male,Diabetes mellitus,428
545,2017,San Diego,Gender,Male,Diseases of heart,2581
546,2017,San Diego,Gender,Male,Essential hypertension and hypertensive renal disease,214
547,2017,San Diego,Gender,Male,Influenza and pneumonia,176
548,2017,San Diego,Gender,Male,Intentional self-harm (suicide),332
549,2017,San Diego,Gender,Male,Malignant neoplasms,2627
550,2017,San Diego,Gender,Male,"Nephritis, nephrotic syndrome and nephrosis",45
551,2017,San Diego,Gender,Male,Parkinson's disease,220
552,2017,San Diego,Place Type,Decedent's Home,All causes (total),7537
553,2017,San Diego,Place Type,Emergency Room/Outpatient,All causes (total),1172
554,2017,San Diego,Place Type,Hospice Facility,All causes (total),759
555,2017,San Diego,Place Type,Inpatient,All causes (total),6562
556,2017,San Diego,Place Type,Nursing Home/Long Term Care Facility,All causes (total),4749
557,2017,San Diego,Place Type,Other/Unknown,All causes (total),937
558,2017,San Diego,Race-Ethnicity,American Indian/Alaskan Native,Accidents (unintentional injuries),0
559,2017,San Diego,Race-Ethnicity,American Indian/Alaskan Native,Alzheimer's disease,0
560,2017,San Diego,Race-Ethnicity,American Indian/Alaskan Native,Assault (homicide),0
561,2017,San Diego,Race-Ethnicity,American Indian/Alaskan Native,Cerebrovascular diseases,0
562,2017,San Diego,Race-Ethnicity,American Indian/Alaskan Native,Chronic liver disease and cirrhosis,0
563,2017,San Diego,Race-Ethnicity,American Indian/Alaskan Native,Chronic lower respiratory diseases,0
564,2017,San Diego,Race-Ethnicity,American Indian/Alaskan Native,Diabetes mellitus,0
565,2017,San Diego,Race-Ethnicity,American Indian/Alaskan Native,Diseases of heart,24
566,2017,San Diego,Race-Ethnicity,American Indian/Alaskan Native,Essential hypertension and hypertensive renal disease,0
567,2017,San Diego,Race-Ethnicity,American Indian/Alaskan Native,Influenza and pneumonia,0
568,2017,San Diego,Race-Ethnicity,American Indian/Alaskan Native,Intentional self-harm (suicide),0
569,2017,San Diego,Race-Ethnicity,American Indian/Alaskan Native,Malignant neoplasms,19
570,2017,San Diego,Race-Ethnicity,American Indian/Alaskan Native,"Nephritis, nephrotic syndrome and nephrosis",0
571,2017,San Diego,Race-Ethnicity,American Indian/Alaskan Native,Parkinson's disease,0
572,2017,San Diego,Race-Ethnicity,Asian,Accidents (unintentional injuries),63
573,2017,San Diego,Race-Ethnicity,Asian,Alzheimer's disease,95
574,2017,San Diego,Race-Ethnicity,Asian,Assault (homicide),0
575,2017,San Diego,Race-Ethnicity,Asian,Cerebrovascular diseases,125
576,2017,San Diego,Race-Ethnicity,Asian,Chronic liver disease and cirrhosis,19
577,2017,San Diego,Race-Ethnicity,Asian,Chronic lower respiratory diseases,60
578,2017,San Diego,Race-Ethnicity,Asian,Diabetes mellitus,98
579,2017,San Diego,Race-Ethnicity,Asian,Diseases of heart,360
580,2017,San Diego,Race-Ethnicity,Asian,Essential hypertension and hypertensive renal disease,46
581,2017,San Diego,Race-Ethnicity,Asian,Influenza and pneumonia,37
582,2017,San Diego,Race-Ethnicity,Asian,Intentional self-harm (suicide),24
583,2017,San Diego,Race-Ethnicity,Asian,Malignant neoplasms,442
584,2017,San Diego,Race-Ethnicity,Asian,"Nephritis, nephrotic syndrome and nephrosis",0
585,2017,San Diego,Race-Ethnicity,Asian,Parkinson's disease,25
586,2017,San Diego,Race-Ethnicity,Black,Accidents (unintentional injuries),73
587,2017,San Diego,Race-Ethnicity,Black,Alzheimer's disease,37
588,2017,San Diego,Race-Ethnicity,Black,Assault (homicide),14
589,2017,San Diego,Race-Ethnicity,Black,Cerebrovascular diseases,54
590,2017,San Diego,Race-Ethnicity,Black,Chronic liver disease and cirrhosis,0
591,2017,San Diego,Race-Ethnicity,Black,Chronic lower respiratory diseases,41
592,2017,San Diego,Race-Ethnicity,Black,Diabetes mellitus,75
593,2017,San Diego,Race-Ethnicity,Black,Diseases of heart,232
594,2017,San Diego,Race-Ethnicity,Black,Essential hypertension and hypertensive renal disease,34
595,2017,San Diego,Race-Ethnicity,Black,Influenza and pneumonia,15
596,2017,San Diego,Race-Ethnicity,Black,Intentional self-harm (suicide),18
597,2017,San Diego,Race-Ethnicity,Black,Malignant neoplasms,236
598,2017,San Diego,Race-Ethnicity,Black,"Nephritis, nephrotic syndrome and nephrosis",0
599,2017,San Diego,Race-Ethnicity,Black,Parkinson's disease,0
600,2017,San Diego,Race-Ethnicity,Hawaiian/Pacific Islander,Accidents (unintentional injuries),0
601,2017,San Diego,Race-Ethnicity,Hawaiian/Pacific Islander,Alzheimer's disease,0
602,2017,San Diego,Race-Ethnicity,Hawaiian/Pacific Islander,Assault (homicide),0
603,2017,San Diego,Race-Ethnicity,Hawaiian/Pacific Islander,Cerebrovascular diseases,0
604,2017,San Diego,Race-Ethnicity,Hawaiian/Pacific Islander,Chronic liver disease and cirrhosis,0
605,2017,San Diego,Race-Ethnicity,Hawaiian/Pacific Islander,Chronic lower respiratory diseases,0
606,2017,San Diego,Race-Ethnicity,Hawaiian/Pacific Islander,Diabetes mellitus,0
607,2017,San Diego,Race-Ethnicity,Hawaiian/Pacific Islander,Diseases of heart,30
608,2017,San Diego,Race-Ethnicity,Hawaiian/Pacific Islander,Essential hypertension and hypertensive renal disease,0
609,2017,San Diego,Race-Ethnicity,Hawaiian/Pacific Islander,Influenza and pneumonia,0
610,2017,San Diego,Race-Ethnicity,Hawaiian/Pacific Islander,Intentional self-harm (suicide),0
611,2017,San Diego,Race-Ethnicity,Hawaiian/Pacific Islander,Malignant neoplasms,21
612,2017,San Diego,Race-Ethnicity,Hawaiian/Pacific Islander,"Nephritis, nephrotic syndrome and nephrosis",0
613,2017,San Diego,Race-Ethnicity,Hawaiian/Pacific Islander,Parkinson's disease,0
614,2017,San Diego,Race-Ethnicity,Hispanic,Accidents (unintentional injuries),254
615,2017,San Diego,Race-Ethnicity,Hispanic,Alzheimer's disease,173
616,2017,San Diego,Race-Ethnicity,Hispanic,Assault (homicide),30
617,2017,San Diego,Race-Ethnicity,Hispanic,Cerebrovascular diseases,224
618,2017,San Diego,Race-Ethnicity,Hispanic,Chronic liver disease and cirrhosis,98
619,2017,San Diego,Race-Ethnicity,Hispanic,Chronic lower respiratory diseases,77
620,2017,San Diego,Race-Ethnicity,Hispanic,Diabetes mellitus,201
621,2017,San Diego,Race-Ethnicity,Hispanic,Diseases of heart,680
622,2017,San Diego,Race-Ethnicity,Hispanic,Essential hypertension and hypertensive renal disease,89
623,2017,San Diego,Race-Ethnicity,Hispanic,Influenza and pneumonia,73
624,2017,San Diego,Race-Ethnicity,Hispanic,Intentional self-harm (suicide),65
625,2017,San Diego,Race-Ethnicity,Hispanic,Malignant neoplasms,822
626,2017,San Diego,Race-Ethnicity,Hispanic,"Nephritis, nephrotic syndrome and nephrosis",21
627,2017,San Diego,Race-Ethnicity,Hispanic,Parkinson's disease,50
628,2017,San Diego,Race-Ethnicity,Multi-Race,Accidents (unintentional injuries),18
629,2017,San Diego,Race-Ethnicity,Multi-Race,Alzheimer's disease,0
630,2017,San Diego,Race-Ethnicity,Multi-Race,Assault (homicide),0
631,2017,San Diego,Race-Ethnicity,Multi-Race,Cerebrovascular diseases,0
632,2017,San Diego,Race-Ethnicity,Multi-Race,Chronic liver disease and cirrhosis,0
633,2017,San Diego,Race-Ethnicity,Multi-Race,Chronic lower respiratory diseases,0
634,2017,San Diego,Race-Ethnicity,Multi-Race,Diabetes mellitus,11
635,2017,San Diego,Race-Ethnicity,Multi-Race,Diseases of heart,43
636,2017,San Diego,Race-Ethnicity,Multi-Race,Essential hypertension and hypertensive renal disease,0
637,2017,San Diego,Race-Ethnicity,Multi-Race,Influenza and pneumonia,0
638,2017,San Diego,Race-Ethnicity,Multi-Race,Intentional self-harm (suicide),0
639,2017,San Diego,Race-Ethnicity,Multi-Race,Malignant neoplasms,46
640,2017,San Diego,Race-Ethnicity,Multi-Race,"Nephritis, nephrotic syndrome and nephrosis",0
641,2017,San Diego,Race-Ethnicity,Multi-Race,Parkinson's disease,0
642,2017,San Diego,Race-Ethnicity,Other/Unknown,Accidents (unintentional injuries),0
643,2017,San Diego,Race-Ethnicity,Other/Unknown,Alzheimer's disease,0
644,2017,San Diego,Race-Ethnicity,Other/Unknown,Assault (homicide),0
645,2017,San Diego,Race-Ethnicity,Other/Unknown,Cerebrovascular diseases,11
646,2017,San Diego,Race-Ethnicity,Other/Unknown,Chronic liver disease and cirrhosis,0
647,2017,San Diego,Race-Ethnicity,Other/Unknown,Chronic lower respiratory diseases,13
648,2017,San Diego,Race-Ethnicity,Other/Unknown,Diabetes mellitus,0
649,2017,San Diego,Race-Ethnicity,Other/Unknown,Diseases of heart,40
650,2017,San Diego,Race-Ethnicity,Other/Unknown,Essential hypertension and hypertensive renal disease,0
651,2017,San Diego,Race-Ethnicity,Other/Unknown,Influenza and pneumonia,0
652,2017,San Diego,Race-Ethnicity,Other/Unknown,Intentional self-harm (suicide),0
653,2017,San Diego,Race-Ethnicity,Other/Unknown,Malignant neoplasms,22
654,2017,San Diego,Race-Ethnicity,Other/Unknown,"Nephritis, nephrotic syndrome and nephrosis",0
655,2017,San Diego,Race-Ethnicity,Other/Unknown,Parkinson's disease,0
656,2017,San Diego,Race-Ethnicity,White,Accidents (unintentional injuries),806
657,2017,San Diego,Race-Ethnicity,White,Alzheimer's disease,1135
658,2017,San Diego,Race-Ethnicity,White,Assault (homicide),28
659,2017,San Diego,Race-Ethnicity,White,Cerebrovascular diseases,944
660,2017,San Diego,Race-Ethnicity,White,Chronic liver disease and cirrhosis,223
661,2017,San Diego,Race-Ethnicity,White,Chronic lower respiratory diseases,820
662,2017,San Diego,Race-Ethnicity,White,Diabetes mellitus,398
663,2017,San Diego,Race-Ethnicity,White,Diseases of heart,3395
664,2017,San Diego,Race-Ethnicity,White,Essential hypertension and hypertensive renal disease,291
665,2017,San Diego,Race-Ethnicity,White,Influenza and pneumonia,267
666,2017,San Diego,Race-Ethnicity,White,Intentional self-harm (suicide),310
667,2017,San Diego,Race-Ethnicity,White,Malignant neoplasms,3436
668,2017,San Diego,Race-Ethnicity,White,"Nephritis, nephrotic syndrome and nephrosis",46
669,2017,San Diego,Race-Ethnicity,White,Parkinson's disease,274
670,2017,San Diego,Total Population,Total Population,Accidents (unintentional injuries),1230
671,2017,San Diego,Total Population,Total Population,Alzheimer's disease,1463
672,2017,San Diego,Total Population,Total Population,Assault (homicide),85
673,2017,San Diego,Total Population,Total Population,Cerebrovascular diseases,1381
674,2017,San Diego,Total Population,Total Population,Chronic liver disease and cirrhosis,366
675,2017,San Diego,Total Population,Total Population,Chronic lower respiratory diseases,1031
676,2017,San Diego,Total Population,Total Population,Diabetes mellitus,801
677,2017,San Diego,Total Population,Total Population,Diseases of heart,4804
678,2017,San Diego,Total Population,Total Population,Essential hypertension and hypertensive renal disease,469
679,2017,San Diego,Total Population,Total Population,Influenza and pneumonia,397
680,2017,San Diego,Total Population,Total Population,Intentional self-harm (suicide),431
681,2017,San Diego,Total Population,Total Population,Malignant neoplasms,5044
682,2017,San Diego,Total Population,Total Population,"Nephritis, nephrotic syndrome and nephrosis",82
683,2017,San Diego,Total Population,Total Population,Parkinson's disease,362
684,2018,San Diego,Age,1-4 years,All causes (total),15
685,2018,San Diego,Age,15-24 years,All causes (total),227
686,2018,San Diego,Age,25-34 years,All causes (total),381
687,2018,San Diego,Age,35-44 years,All causes (total),528
688,2018,San Diego,Age,45-54 years,All causes (total),1135
689,2018,San Diego,Age,5-14 years,All causes (total),32
690,2018,San Diego,Age,55-64 years,All causes (total),2644
691,2018,San Diego,Age,65-74 years,All causes (total),3714
692,2018,San Diego,Age,75-84 years,All causes (total),4959
693,2018,San Diego,Age,85 years and over,All causes (total),7964
694,2018,San Diego,Age,Under 1 year,All causes (total),181
695,2018,San Diego,Gender,Female,Accidents (unintentional injuries),458
696,2018,San Diego,Gender,Female,Alzheimer's disease,979
697,2018,San Diego,Gender,Female,Assault (homicide),22
698,2018,San Diego,Gender,Female,Cerebrovascular diseases,849
699,2018,San Diego,Gender,Female,Chronic liver disease and cirrhosis,107
700,2018,San Diego,Gender,Female,Chronic lower respiratory diseases,555
701,2018,San Diego,Gender,Female,Diabetes mellitus,327
702,2018,San Diego,Gender,Female,Diseases of heart,2055
703,2018,San Diego,Gender,Female,Essential hypertension and hypertensive renal disease,259
704,2018,San Diego,Gender,Female,Influenza and pneumonia,215
705,2018,San Diego,Gender,Female,Intentional self-harm (suicide),101
706,2018,San Diego,Gender,Female,Malignant neoplasms,2374
707,2018,San Diego,Gender,Female,"Nephritis, nephrotic syndrome and nephrosis",47
708,2018,San Diego,Gender,Female,Parkinson's disease,127
709,2018,San Diego,Gender,Male,Accidents (unintentional injuries),824
710,2018,San Diego,Gender,Male,Alzheimer's disease,487
711,2018,San Diego,Gender,Male,Assault (homicide),67
712,2018,San Diego,Gender,Male,Cerebrovascular diseases,609
713,2018,San Diego,Gender,Male,Chronic liver disease and cirrhosis,215
714,2018,San Diego,Gender,Male,Chronic lower respiratory diseases,459
715,2018,San Diego,Gender,Male,Diabetes mellitus,452
716,2018,San Diego,Gender,Male,Diseases of heart,2640
717,2018,San Diego,Gender,Male,Essential hypertension and hypertensive renal disease,192
718,2018,San Diego,Gender,Male,Influenza and pneumonia,238
719,2018,San Diego,Gender,Male,Intentional self-harm (suicide),348
720,2018,San Diego,Gender,Male,Malignant neoplasms,2640
721,2018,San Diego,Gender,Male,"Nephritis, nephrotic syndrome and nephrosis",53
722,2018,San Diego,Gender,Male,Parkinson's disease,240
723,2018,San Diego,Place Type,Decedent's Home,All causes (total),7882
724,2018,San Diego,Place Type,Emergency Room/Outpatient,All causes (total),1229
725,2018,San Diego,Place Type,Hospice Facility,All causes (total),720
726,2018,San Diego,Place Type,Inpatient,All causes (total),6451
727,2018,San Diego,Place Type,Nursing Home/Long Term Care Facility,All causes (total),4517
728,2018,San Diego,Place Type,Other/Unknown,All causes (total),981
729,2018,San Diego,Race-Ethnicity,American Indian/Alaskan Native,Accidents (unintentional injuries),0
730,2018,San Diego,Race-Ethnicity,American Indian/Alaskan Native,Alzheimer's disease,0
731,2018,San Diego,Race-Ethnicity,American Indian/Alaskan Native,Assault (homicide),0
732,2018,San Diego,Race-Ethnicity,American Indian/Alaskan Native,Cerebrovascular diseases,0
733,2018,San Diego,Race-Ethnicity,American Indian/Alaskan Native,Chronic liver disease and cirrhosis,0
734,2018,San Diego,Race-Ethnicity,American Indian/Alaskan Native,Chronic lower respiratory diseases,0
735,2018,San Diego,Race-Ethnicity,American Indian/Alaskan Native,Diabetes mellitus,0
736,2018,San Diego,Race-Ethnicity,American Indian/Alaskan Native,Diseases of heart,20
737,2018,San Diego,Race-Ethnicity,American Indian/Alaskan Native,Essential hypertension and hypertensive renal disease,0
738,2018,San Diego,Race-Ethnicity,American Indian/Alaskan Native,Influenza and pneumonia,0
739,2018,San Diego,Race-Ethnicity,American Indian/Alaskan Native,Intentional self-harm (suicide),0
740,2018,San Diego,Race-Ethnicity,American Indian/Alaskan Native,Malignant neoplasms,19
741,2018,San Diego,Race-Ethnicity,American Indian/Alaskan Native,"Nephritis, nephrotic syndrome and nephrosis",0
742,2018,San Diego,Race-Ethnicity,American Indian/Alaskan Native,Parkinson's disease,0
743,2018,San Diego,Race-Ethnicity,Asian,Accidents (unintentional injuries),72
744,2018,San Diego,Race-Ethnicity,Asian,Alzheimer's disease,102
745,2018,San Diego,Race-Ethnicity,Asian,Assault (homicide),0
746,2018,San Diego,Race-Ethnicity,Asian,Cerebrovascular diseases,125
747,2018,San Diego,Race-Ethnicity,Asian,Chronic liver disease and cirrhosis,12
748,2018,San Diego,Race-Ethnicity,Asian,Chronic lower respiratory diseases,52
749,2018,San Diego,Race-Ethnicity,Asian,Diabetes mellitus,84
750,2018,San Diego,Race-Ethnicity,Asian,Diseases of heart,345
751,2018,San Diego,Race-Ethnicity,Asian,Essential hypertension and hypertensive renal disease,36
752,2018,San Diego,Race-Ethnicity,Asian,Influenza and pneumonia,37
753,2018,San Diego,Race-Ethnicity,Asian,Intentional self-harm (suicide),27
754,2018,San Diego,Race-Ethnicity,Asian,Malignant neoplasms,440
755,2018,San Diego,Race-Ethnicity,Asian,"Nephritis, nephrotic syndrome and nephrosis",15
756,2018,San Diego,Race-Ethnicity,Asian,Parkinson's disease,21
757,2018,San Diego,Race-Ethnicity,Black,Accidents (unintentional injuries),84
758,2018,San Diego,Race-Ethnicity,Black,Alzheimer's disease,34
759,2018,San Diego,Race-Ethnicity,Black,Assault (homicide),17
760,2018,San Diego,Race-Ethnicity,Black,Cerebrovascular diseases,80
761,2018,San Diego,Race-Ethnicity,Black,Chronic liver disease and cirrhosis,0
762,2018,San Diego,Race-Ethnicity,Black,Chronic lower respiratory diseases,38
763,2018,San Diego,Race-Ethnicity,Black,Diabetes mellitus,59
764,2018,San Diego,Race-Ethnicity,Black,Diseases of heart,247
765,2018,San Diego,Race-Ethnicity,Black,Essential hypertension and hypertensive renal disease,32
766,2018,San Diego,Race-Ethnicity,Black,Influenza and pneumonia,21
767,2018,San Diego,Race-Ethnicity,Black,Intentional self-harm (suicide),0
768,2018,San Diego,Race-Ethnicity,Black,Malignant neoplasms,232
769,2018,San Diego,Race-Ethnicity,Black,"Nephritis, nephrotic syndrome and nephrosis",0
770,2018,San Diego,Race-Ethnicity,Black,Parkinson's disease,0
771,2018,San Diego,Race-Ethnicity,Hawaiian/Pacific Islander,Accidents (unintentional injuries),0
772,2018,San Diego,Race-Ethnicity,Hawaiian/Pacific Islander,Alzheimer's disease,0
773,2018,San Diego,Race-Ethnicity,Hawaiian/Pacific Islander,Assault (homicide),0
774,2018,San Diego,Race-Ethnicity,Hawaiian/Pacific Islander,Cerebrovascular diseases,0
775,2018,San Diego,Race-Ethnicity,Hawaiian/Pacific Islander,Chronic liver disease and cirrhosis,0
776,2018,San Diego,Race-Ethnicity,Hawaiian/Pacific Islander,Chronic lower respiratory diseases,0
777,2018,San Diego,Race-Ethnicity,Hawaiian/Pacific Islander,Diabetes mellitus,0
778,2018,San Diego,Race-Ethnicity,Hawaiian/Pacific Islander,Diseases of heart,39
779,2018,San Diego,Race-Ethnicity,Hawaiian/Pacific Islander,Essential hypertension and hypertensive renal disease,0
780,2018,San Diego,Race-Ethnicity,Hawaiian/Pacific Islander,Influenza and pneumonia,0
781,2018,San Diego,Race-Ethnicity,Hawaiian/Pacific Islander,Intentional self-harm (suicide),0
782,2018,San Diego,Race-Ethnicity,Hawaiian/Pacific Islander,Malignant neoplasms,19
783,2018,San Diego,Race-Ethnicity,Hawaiian/Pacific Islander,"Nephritis, nephrotic syndrome and nephrosis",0
784,2018,San Diego,Race-Ethnicity,Hawaiian/Pacific Islander,Parkinson's disease,0
785,2018,San Diego,Race-Ethnicity,Hispanic,Accidents (unintentional injuries),273
786,2018,San Diego,Race-Ethnicity,Hispanic,Alzheimer's disease,219
787,2018,San Diego,Race-Ethnicity,Hispanic,Assault (homicide),32
788,2018,San Diego,Race-Ethnicity,Hispanic,Cerebrovascular diseases,260
789,2018,San Diego,Race-Ethnicity,Hispanic,Chronic liver disease and cirrhosis,85
790,2018,San Diego,Race-Ethnicity,Hispanic,Chronic lower respiratory diseases,82
791,2018,San Diego,Race-Ethnicity,Hispanic,Diabetes mellitus,221
792,2018,San Diego,Race-Ethnicity,Hispanic,Diseases of heart,676
793,2018,San Diego,Race-Ethnicity,Hispanic,Essential hypertension and hypertensive renal disease,82
794,2018,San Diego,Race-Ethnicity,Hispanic,Influenza and pneumonia,66
795,2018,San Diego,Race-Ethnicity,Hispanic,Intentional self-harm (suicide),90
796,2018,San Diego,Race-Ethnicity,Hispanic,Malignant neoplasms,890
797,2018,San Diego,Race-Ethnicity,Hispanic,"Nephritis, nephrotic syndrome and nephrosis",23
798,2018,San Diego,Race-Ethnicity,Hispanic,Parkinson's disease,47
799,2018,San Diego,Race-Ethnicity,Multi-Race,Accidents (unintentional injuries),20
800,2018,San Diego,Race-Ethnicity,Multi-Race,Alzheimer's disease,13
801,2018,San Diego,Race-Ethnicity,Multi-Race,Assault (homicide),0
802,2018,San Diego,Race-Ethnicity,Multi-Race,Cerebrovascular diseases,15
803,2018,San Diego,Race-Ethnicity,Multi-Race,Chronic liver disease and cirrhosis,0
804,2018,San Diego,Race-Ethnicity,Multi-Race,Chronic lower respiratory diseases,0
805,2018,San Diego,Race-Ethnicity,Multi-Race,Diabetes mellitus,11
806,2018,San Diego,Race-Ethnicity,Multi-Race,Diseases of heart,37
807,2018,San Diego,Race-Ethnicity,Multi-Race,Essential hypertension and hypertensive renal disease,0
808,2018,San Diego,Race-Ethnicity,Multi-Race,Influenza and pneumonia,0
809,2018,San Diego,Race-Ethnicity,Multi-Race,Intentional self-harm (suicide),11
810,2018,San Diego,Race-Ethnicity,Multi-Race,Malignant neoplasms,47
811,2018,San Diego,Race-Ethnicity,Multi-Race,"Nephritis, nephrotic syndrome and nephrosis",0
812,2018,San Diego,Race-Ethnicity,Multi-Race,Parkinson's disease,0
813,2018,San Diego,Race-Ethnicity,Other/Unknown,Accidents (unintentional injuries),0
814,2018,San Diego,Race-Ethnicity,Other/Unknown,Alzheimer's disease,0
815,2018,San Diego,Race-Ethnicity,Other/Unknown,Assault (homicide),0
816,2018,San Diego,Race-Ethnicity,Other/Unknown,Cerebrovascular diseases,12
817,2018,San Diego,Race-Ethnicity,Other/Unknown,Chronic liver disease and cirrhosis,0
818,2018,San Diego,Race-Ethnicity,Other/Unknown,Chronic lower respiratory diseases,15
819,2018,San Diego,Race-Ethnicity,Other/Unknown,Diabetes mellitus,12
820,2018,San Diego,Race-Ethnicity,Other/Unknown,Diseases of heart,36
821,2018,San Diego,Race-Ethnicity,Other/Unknown,Essential hypertension and hypertensive renal disease,0
822,2018,San Diego,Race-Ethnicity,Other/Unknown,Influenza and pneumonia,0
823,2018,San Diego,Race-Ethnicity,Other/Unknown,Intentional self-harm (suicide),0
824,2018,San Diego,Race-Ethnicity,Other/Unknown,Malignant neoplasms,25
825,2018,San Diego,Race-Ethnicity,Other/Unknown,"Nephritis, nephrotic syndrome and nephrosis",0
826,2018,San Diego,Race-Ethnicity,Other/Unknown,Parkinson's disease,0
827,2018,San Diego,Race-Ethnicity,White,Accidents (unintentional injuries),815
828,2018,San Diego,Race-Ethnicity,White,Alzheimer's disease,1089
829,2018,San Diego,Race-Ethnicity,White,Assault (homicide),31
830,2018,San Diego,Race-Ethnicity,White,Cerebrovascular diseases,957
831,2018,San Diego,Race-Ethnicity,White,Chronic liver disease and cirrhosis,200
832,2018,San Diego,Race-Ethnicity,White,Chronic lower respiratory diseases,810
833,2018,San Diego,Race-Ethnicity,White,Diabetes mellitus,375
834,2018,San Diego,Race-Ethnicity,White,Diseases of heart,3295
835,2018,San Diego,Race-Ethnicity,White,Essential hypertension and hypertensive renal disease,293
836,2018,San Diego,Race-Ethnicity,White,Influenza and pneumonia,312
837,2018,San Diego,Race-Ethnicity,White,Intentional self-harm (suicide),308
838,2018,San Diego,Race-Ethnicity,White,Malignant neoplasms,3342
839,2018,San Diego,Race-Ethnicity,White,"Nephritis, nephrotic syndrome and nephrosis",55
840,2018,San Diego,Race-Ethnicity,White,Parkinson's disease,286
841,2018,San Diego,Total Population,Total Population,Accidents (unintentional injuries),1282
842,2018,San Diego,Total Population,Total Population,Alzheimer's disease,1466
843,2018,San Diego,Total Population,Total Population,Assault (homicide),89
844,2018,San Diego,Total Population,Total Population,Cerebrovascular diseases,1458
845,2018,San Diego,Total Population,Total Population,Chronic liver disease and cirrhosis,322
846,2018,San Diego,Total Population,Total Population,Chronic lower respiratory diseases,1014
847,2018,San Diego,Total Population,Total Population,Diabetes mellitus,779
848,2018,San Diego,Total Population,Total Population,Diseases of heart,4695
849,2018,San Diego,Total Population,Total Population,Essential hypertension and hypertensive renal disease,451
850,2018,San Diego,Total Population,Total Population,Influenza and pneumonia,453
851,2018,San Diego,Total Population,Total Population,Intentional self-harm (suicide),449
852,2018,San Diego,Total Population,Total Population,Malignant neoplasms,5014
853,2018,San Diego,Total Population,Total Population,"Nephritis, nephrotic syndrome and nephrosis",100
854,2018,San Diego,Total Population,Total Population,Parkinson's disease,367
855,2019,San Diego,Age,1-4 years,All causes (total),29
856,2019,San Diego,Age,15-24 years,All causes (total),213
857,2019,San Diego,Age,25-34 years,All causes (total),445
858,2019,San Diego,Age,35-44 years,All causes (total),577
859,2019,San Diego,Age,45-54 years,All causes (total),1092
860,2019,San Diego,Age,5-14 years,All causes (total),38
861,2019,San Diego,Age,55-64 years,All causes (total),2581
862,2019,San Diego,Age,65-74 years,All causes (total),3905
863,2019,San Diego,Age,75-84 years,All causes (total),5055
864,2019,San Diego,Age,85 years and over,All causes (total),8074
865,2019,San Diego,Age,Under 1 year,All causes (total),142
866,2019,San Diego,Gender,Female,Accidents (unintentional injuries),427
867,2019,San Diego,Gender,Female,Alzheimer's disease,1013
868,2019,San Diego,Gender,Female,Assault (homicide),23
869,2019,San Diego,Gender,Female,Cerebrovascular diseases,946
870,2019,San Diego,Gender,Female,Chronic liver disease and cirrhosis,125
871,2019,San Diego,Gender,Female,Chronic lower respiratory diseases,543
872,2019,San Diego,Gender,Female,Diabetes mellitus,319
873,2019,San Diego,Gender,Female,Diseases of heart,2131
874,2019,San Diego,Gender,Female,Essential hypertension and hypertensive renal disease,251
875,2019,San Diego,Gender,Female,Influenza and pneumonia,133
876,2019,San Diego,Gender,Female,Intentional self-harm (suicide),88
877,2019,San Diego,Gender,Female,Malignant neoplasms,2367
878,2019,San Diego,Gender,Female,"Nephritis, nephrotic syndrome and nephrosis",59
879,2019,San Diego,Gender,Female,Parkinson's disease,144
880,2019,San Diego,Gender,Male,Accidents (unintentional injuries),891
881,2019,San Diego,Gender,Male,Alzheimer's disease,539
882,2019,San Diego,Gender,Male,Assault (homicide),64
883,2019,San Diego,Gender,Male,Cerebrovascular diseases,677
884,2019,San Diego,Gender,Male,Chronic liver disease and cirrhosis,236
885,2019,San Diego,Gender,Male,Chronic lower respiratory diseases,471
886,2019,San Diego,Gender,Male,Diabetes mellitus,443
887,2019,San Diego,Gender,Male,Diseases of heart,2608
888,2019,San Diego,Gender,Male,Essential hypertension and hypertensive renal disease,189
889,2019,San Diego,Gender,Male,Influenza and pneumonia,160
890,2019,San Diego,Gender,Male,Intentional self-harm (suicide),339
891,2019,San Diego,Gender,Male,Malignant neoplasms,2678
892,2019,San Diego,Gender,Male,"Nephritis, nephrotic syndrome and nephrosis",79
893,2019,San Diego,Gender,Male,Parkinson's disease,239
894,2019,San Diego,Place Type,Decedent's Home,All causes (total),7907
895,2019,San Diego,Place Type,Emergency Room/Outpatient,All causes (total),1211
896,2019,San Diego,Place Type,Hospice Facility,All causes (total),658
897,2019,San Diego,Place Type,Inpatient,All causes (total),6731
898,2019,San Diego,Place Type,Nursing Home/Long Term Care Facility,All causes (total),4666
899,2019,San Diego,Place Type,Other/Unknown,All causes (total),978
900,2019,San Diego,Race-Ethnicity,American Indian/Alaskan Native,Accidents (unintentional injuries),0
901,2019,San Diego,Race-Ethnicity,American Indian/Alaskan Native,Alzheimer's disease,0
902,2019,San Diego,Race-Ethnicity,American Indian/Alaskan Native,Assault (homicide),0
903,2019,San Diego,Race-Ethnicity,American Indian/Alaskan Native,Cerebrovascular diseases,0
904,2019,San Diego,Race-Ethnicity,American Indian/Alaskan Native,Chronic liver disease and cirrhosis,0
905,2019,San Diego,Race-Ethnicity,American Indian/Alaskan Native,Chronic lower respiratory diseases,0
906,2019,San Diego,Race-Ethnicity,American Indian/Alaskan Native,Diabetes mellitus,0
907,2019,San Diego,Race-Ethnicity,American Indian/Alaskan Native,Diseases of heart,20
908,2019,San Diego,Race-Ethnicity,American Indian/Alaskan Native,Essential hypertension and hypertensive renal disease,0
909,2019,San Diego,Race-Ethnicity,American Indian/Alaskan Native,Influenza and pneumonia,0
910,2019,San Diego,Race-Ethnicity,American Indian/Alaskan Native,Intentional self-harm (suicide),0
911,2019,San Diego,Race-Ethnicity,American Indian/Alaskan Native,Malignant neoplasms,20
912,2019,San Diego,Race-Ethnicity,American Indian/Alaskan Native,"Nephritis, nephrotic syndrome and nephrosis",0
913,2019,San Diego,Race-Ethnicity,American Indian/Alaskan Native,Parkinson's disease,0
914,2019,San Diego,Race-Ethnicity,Asian,Accidents (unintentional injuries),61
915,2019,San Diego,Race-Ethnicity,Asian,Alzheimer's disease,100
916,2019,San Diego,Race-Ethnicity,Asian,Assault (homicide),0
917,2019,San Diego,Race-Ethnicity,Asian,Cerebrovascular diseases,170
918,2019,San Diego,Race-Ethnicity,Asian,Chronic liver disease and cirrhosis,0
919,2019,San Diego,Race-Ethnicity,Asian,Chronic lower respiratory diseases,44
920,2019,San Diego,Race-Ethnicity,Asian,Diabetes mellitus,90
921,2019,San Diego,Race-Ethnicity,Asian,Diseases of heart,368
922,2019,San Diego,Race-Ethnicity,Asian,Essential hypertension and hypertensive renal disease,41
923,2019,San Diego,Race-Ethnicity,Asian,Influenza and pneumonia,22
924,2019,San Diego,Race-Ethnicity,Asian,Intentional self-harm (suicide),20
925,2019,San Diego,Race-Ethnicity,Asian,Malignant neoplasms,469
926,2019,San Diego,Race-Ethnicity,Asian,"Nephritis, nephrotic syndrome and nephrosis",22
927,2019,San Diego,Race-Ethnicity,Asian,Parkinson's disease,35
928,2019,San Diego,Race-Ethnicity,Black,Accidents (unintentional injuries),71
929,2019,San Diego,Race-Ethnicity,Black,Alzheimer's disease,48
930,2019,San Diego,Race-Ethnicity,Black,Assault (homicide),14
931,2019,San Diego,Race-Ethnicity,Black,Cerebrovascular diseases,66
932,2019,San Diego,Race-Ethnicity,Black,Chronic liver disease and cirrhosis,12
933,2019,San Diego,Race-Ethnicity,Black,Chronic lower respiratory diseases,47
934,2019,San Diego,Race-Ethnicity,Black,Diabetes mellitus,64
935,2019,San Diego,Race-Ethnicity,Black,Diseases of heart,251
936,2019,San Diego,Race-Ethnicity,Black,Essential hypertension and hypertensive renal disease,26
937,2019,San Diego,Race-Ethnicity,Black,Influenza and pneumonia,19
938,2019,San Diego,Race-Ethnicity,Black,Intentional self-harm (suicide),21
939,2019,San Diego,Race-Ethnicity,Black,Malignant neoplasms,221
940,2019,San Diego,Race-Ethnicity,Black,"Nephritis, nephrotic syndrome and nephrosis",0
941,2019,San Diego,Race-Ethnicity,Black,Parkinson's disease,0
942,2019,San Diego,Race-Ethnicity,Hawaiian/Pacific Islander,Accidents (unintentional injuries),0
943,2019,San Diego,Race-Ethnicity,Hawaiian/Pacific Islander,Alzheimer's disease,0
944,2019,San Diego,Race-Ethnicity,Hawaiian/Pacific Islander,Assault (homicide),0
945,2019,San Diego,Race-Ethnicity,Hawaiian/Pacific Islander,Cerebrovascular diseases,0
946,2019,San Diego,Race-Ethnicity,Hawaiian/Pacific Islander,Chronic liver disease and cirrhosis,0
947,2019,San Diego,Race-Ethnicity,Hawaiian/Pacific Islander,Chronic lower respiratory diseases,0
948,2019,San Diego,Race-Ethnicity,Hawaiian/Pacific Islander,Diabetes mellitus,13
949,2019,San Diego,Race-Ethnicity,Hawaiian/Pacific Islander,Diseases of heart,37
950,2019,San Diego,Race-Ethnicity,Hawaiian/Pacific Islander,Essential hypertension and hypertensive renal disease,0
951,2019,San Diego,Race-Ethnicity,Hawaiian/Pacific Islander,Influenza and pneumonia,0
952,2019,San Diego,Race-Ethnicity,Hawaiian/Pacific Islander,Intentional self-harm (suicide),0
953,2019,San Diego,Race-Ethnicity,Hawaiian/Pacific Islander,Malignant neoplasms,28
954,2019,San Diego,Race-Ethnicity,Hawaiian/Pacific Islander,"Nephritis, nephrotic syndrome and nephrosis",0
955,2019,San Diego,Race-Ethnicity,Hawaiian/Pacific Islander,Parkinson's disease,0
956,2019,San Diego,Race-Ethnicity,Hispanic,Accidents (unintentional injuries),303
957,2019,San Diego,Race-Ethnicity,Hispanic,Alzheimer's disease,216
958,2019,San Diego,Race-Ethnicity,Hispanic,Assault (homicide),37
959,2019,San Diego,Race-Ethnicity,Hispanic,Cerebrovascular diseases,261
960,2019,San Diego,Race-Ethnicity,Hispanic,Chronic liver disease and cirrhosis,112
961,2019,San Diego,Race-Ethnicity,Hispanic,Chronic lower respiratory diseases,75
962,2019,San Diego,Race-Ethnicity,Hispanic,Diabetes mellitus,224
963,2019,San Diego,Race-Ethnicity,Hispanic,Diseases of heart,689
964,2019,San Diego,Race-Ethnicity,Hispanic,Essential hypertension and hypertensive renal disease,81
965,2019,San Diego,Race-Ethnicity,Hispanic,Influenza and pneumonia,57
966,2019,San Diego,Race-Ethnicity,Hispanic,Intentional self-harm (suicide),90
967,2019,San Diego,Race-Ethnicity,Hispanic,Malignant neoplasms,897
968,2019,San Diego,Race-Ethnicity,Hispanic,"Nephritis, nephrotic syndrome and nephrosis",39
969,2019,San Diego,Race-Ethnicity,Hispanic,Parkinson's disease,43
970,2019,San Diego,Race-Ethnicity,Multi-Race,Accidents (unintentional injuries),29
971,2019,San Diego,Race-Ethnicity,Multi-Race,Alzheimer's disease,0
972,2019,San Diego,Race-Ethnicity,Multi-Race,Assault (homicide),0
973,2019,San Diego,Race-Ethnicity,Multi-Race,Cerebrovascular diseases,15
974,2019,San Diego,Race-Ethnicity,Multi-Race,Chronic liver disease and cirrhosis,0
975,2019,San Diego,Race-Ethnicity,Multi-Race,Chronic lower respiratory diseases,0
976,2019,San Diego,Race-Ethnicity,Multi-Race,Diabetes mellitus,0
977,2019,San Diego,Race-Ethnicity,Multi-Race,Diseases of heart,43
978,2019,San Diego,Race-Ethnicity,Multi-Race,Essential hypertension and hypertensive renal disease,0
979,2019,San Diego,Race-Ethnicity,Multi-Race,Influenza and pneumonia,0
980,2019,San Diego,Race-Ethnicity,Multi-Race,Intentional self-harm (suicide),0
981,2019,San Diego,Race-Ethnicity,Multi-Race,Malignant neoplasms,52
982,2019,San Diego,Race-Ethnicity,Multi-Race,"Nephritis, nephrotic syndrome and nephrosis",0
983,2019,San Diego,Race-Ethnicity,Multi-Race,Parkinson's disease,0
984,2019,San Diego,Race-Ethnicity,Other/Unknown,Accidents (unintentional injuries),0
985,2019,San Diego,Race-Ethnicity,Other/Unknown,Alzheimer's disease,0
986,2019,San Diego,Race-Ethnicity,Other/Unknown,Assault (homicide),0
987,2019,San Diego,Race-Ethnicity,Other/Unknown,Cerebrovascular diseases,13
988,2019,San Diego,Race-Ethnicity,Other/Unknown,Chronic liver disease and cirrhosis,0
989,2019,San Diego,Race-Ethnicity,Other/Unknown,Chronic lower respiratory diseases,14
990,2019,San Diego,Race-Ethnicity,Other/Unknown,Diabetes mellitus,13
991,2019,San Diego,Race-Ethnicity,Other/Unknown,Diseases of heart,36
992,2019,San Diego,Race-Ethnicity,Other/Unknown,Essential hypertension and hypertensive renal disease,0
993,2019,San Diego,Race-Ethnicity,Other/Unknown,Influenza and pneumonia,0
994,2019,San Diego,Race-Ethnicity,Other/Unknown,Intentional self-harm (suicide),0
995,2019,San Diego,Race-Ethnicity,Other/Unknown,Malignant neoplasms,46
996,2019,San Diego,Race-Ethnicity,Other/Unknown,"Nephritis, nephrotic syndrome and nephrosis",0
997,2019,San Diego,Race-Ethnicity,Other/Unknown,Parkinson's disease,0
998,2019,San Diego,Race-Ethnicity,White,Accidents (unintentional injuries),833
999,2019,San Diego,Race-Ethnicity,White,Alzheimer's disease,1168
1000,2019,San Diego,Race-Ethnicity,White,Assault (homicide),27
1001,2019,San Diego,Race-Ethnicity,White,Cerebrovascular diseases,1089
1002,2019,San Diego,Race-Ethnicity,White,Chronic liver disease and cirrhosis,216
1003,2019,San Diego,Race-Ethnicity,White,Chronic lower respiratory diseases,820
1004,2019,San Diego,Race-Ethnicity,White,Diabetes mellitus,343
1005,2019,San Diego,Race-Ethnicity,White,Diseases of heart,3295
1006,2019,San Diego,Race-Ethnicity,White,Essential hypertension and hypertensive renal disease,283
1007,2019,San Diego,Race-Ethnicity,White,Influenza and pneumonia,185
1008,2019,San Diego,Race-Ethnicity,White,Intentional self-harm (suicide),284
1009,2019,San Diego,Race-Ethnicity,White,Malignant neoplasms,3312
1010,2019,San Diego,Race-Ethnicity,White,"Nephritis, nephrotic syndrome and nephrosis",64
1011,2019,San Diego,Race-Ethnicity,White,Parkinson's disease,291
1012,2019,San Diego,Total Population,Total Population,Accidents (unintentional injuries),1318
1013,2019,San Diego,Total Population,Total Population,Alzheimer's disease,1552
1014,2019,San Diego,Total Population,Total Population,Assault (homicide),87
1015,2019,San Diego,Total Population,Total Population,Cerebrovascular diseases,1623
1016,2019,San Diego,Total Population,Total Population,Chronic liver disease and cirrhosis,361
1017,2019,San Diego,Total Population,Total Population,Chronic lower respiratory diseases,1014
1018,2019,San Diego,Total Population,Total Population,Diabetes mellitus,762
1019,2019,San Diego,Total Population,Total Population,Diseases of heart,4739
1020,2019,San Diego,Total Population,Total Population,Essential hypertension and hypertensive renal disease,440
1021,2019,San Diego,Total Population,Total Population,Influenza and pneumonia,293
1022,2019,San Diego,Total Population,Total Population,Intentional self-harm (suicide),427
1023,2019,San Diego,Total Population,Total Population,Malignant neoplasms,5045
1024,2019,San Diego,Total Population,Total Population,"Nephritis, nephrotic syndrome and nephrosis",138
1025,2019,San Diego,Total Population,Total Population,Parkinson's disease,383
